Status	Path
M	.gitignore
M	ASSET-MANIFEST.json
M	DEPENDENCY-REPORT.md
M	MTR-PORT.md
M	PORT-112.md
M	README.md
M	REDSTONE-ONLY.md
A	RELEASE-2.1.0.md
M	VALIDATION-2.0.1.md
M	VALIDATION-2.0.2.md
M	VALIDATION.txt
M	build.gradle
M	settings.gradle
A	src/gametest/java/com/bulkheadengineering/ClientSmoke.java
A	src/gametest/java/com/bulkheadengineering/DoorIdentityTests.java
A	src/gametest/java/com/bulkheadengineering/DoorTests.java
A	src/gametest/java/com/bulkheadengineering/IdentitySmoke.java
A	src/gametest/java/com/bulkheadengineering/InteractionTests.java
A	src/gametest/java/com/bulkheadengineering/JadeIdentityProbe.java
A	src/gametest/java/com/bulkheadengineering/MobilityTests.java
A	src/gametest/java/com/bulkheadengineering/MobilityWorldSmoke.java
A	src/gametest/java/com/bulkheadengineering/ModularBlastDoorTests.java
A	src/gametest/java/com/bulkheadengineering/RedstoneOnlyTests.java
A	src/gametest/java/com/bulkheadengineering/WorldSmoke.java
D	src/gametest/java/com/hbm_doors/ClientSmoke.java
D	src/gametest/java/com/hbm_doors/DoorTests.java
D	src/gametest/java/com/hbm_doors/InteractionTests.java
D	src/gametest/java/com/hbm_doors/MobilityTests.java
D	src/gametest/java/com/hbm_doors/MobilityWorldSmoke.java
D	src/gametest/java/com/hbm_doors/ModularBlastDoorTests.java
D	src/gametest/java/com/hbm_doors/RedstoneOnlyTests.java
D	src/gametest/java/com/hbm_doors/WorldSmoke.java
A	src/gametest/resources/data/bulkheadengineering/structures/empty.nbt
D	src/gametest/resources/data/hbm_doors/structures/empty.nbt
A	src/main/java/com/bulkheadengineering/AnimatedDoorBlock.java
A	src/main/java/com/bulkheadengineering/Client.java
A	src/main/java/com/bulkheadengineering/ControlledDoorBlock.java
A	src/main/java/com/bulkheadengineering/ControlledTrapDoorBlock.java
A	src/main/java/com/bulkheadengineering/DoorConfig.java
A	src/main/java/com/bulkheadengineering/DoorItem.java
A	src/main/java/com/bulkheadengineering/DoorItemRenderer.java
A	src/main/java/com/bulkheadengineering/DoorLoopSound.java
A	src/main/java/com/bulkheadengineering/DoorPartBlock.java
A	src/main/java/com/bulkheadengineering/DoorPartEntity.java
A	src/main/java/com/bulkheadengineering/DoorRenderer.java
A	src/main/java/com/bulkheadengineering/DoorTarget.java
A	src/main/java/com/bulkheadengineering/DoorVariants.java
A	src/main/java/com/bulkheadengineering/Doors.java
A	src/main/java/com/bulkheadengineering/ModularBlastDoorDecl.java
A	src/main/java/com/bulkheadengineering/compat/JadeDoorsPlugin.java
A	src/main/java/com/bulkheadengineering/compat/WthitDoorsPlugin.java
A	src/main/java/com/bulkheadengineering/legacy/block/entity/doors/DoorBlockEntity.java
A	src/main/java/com/bulkheadengineering/legacy/block/entity/doors/DoorDecl.java
A	src/main/java/com/bulkheadengineering/legacy/block/entity/doors/DoorDeclRegistry.java
A	src/main/java/com/bulkheadengineering/legacy/client/loader/dae/DaeAnimation.java
A	src/main/java/com/bulkheadengineering/legacy/client/loader/dae/DaeCurve.java
A	src/main/java/com/bulkheadengineering/legacy/client/loader/dae/DaeMesh.java
A	src/main/java/com/bulkheadengineering/legacy/client/loader/dae/DaeModel.java
A	src/main/java/com/bulkheadengineering/legacy/client/loader/dae/DaeModelFormatException.java
A	src/main/java/com/bulkheadengineering/legacy/client/loader/dae/DaeNode.java
A	src/main/java/com/bulkheadengineering/legacy/client/loader/dae/DaeTransform.java
A	src/main/java/com/bulkheadengineering/legacy/client/loader/dae/MinecraftResourceResolver.java
A	src/main/java/com/bulkheadengineering/legacy/client/model/variant/DoorModelSelection.java
A	src/main/java/com/bulkheadengineering/legacy/client/model/variant/DoorModelType.java
A	src/main/java/com/bulkheadengineering/legacy/client/model/variant/DoorSkin.java
A	src/main/java/com/bulkheadengineering/legacy/interfaces/IDoorAnimator.java
A	src/main/java/com/bulkheadengineering/legacy/lib/RefStrings.java
A	src/main/java/com/bulkheadengineering/legacy/multiblock/PartRole.java
A	src/main/java/com/bulkheadengineering/legacy/sound/ModSounds.java
A	src/main/java/com/bulkheadengineering/mobility/EscalatorBlock.java
A	src/main/java/com/bulkheadengineering/mobility/LiftBarrierEntity.java
A	src/main/java/com/bulkheadengineering/mobility/LiftCarEntity.java
A	src/main/java/com/bulkheadengineering/mobility/LiftFixtureBlock.java
A	src/main/java/com/bulkheadengineering/mobility/LiftNetwork.java
A	src/main/java/com/bulkheadengineering/mobility/LiftRoute.java
A	src/main/java/com/bulkheadengineering/mobility/LiftScreens.java
A	src/main/java/com/bulkheadengineering/mobility/LiftStationEntity.java
A	src/main/java/com/bulkheadengineering/mobility/LiftToolItem.java
A	src/main/java/com/bulkheadengineering/mobility/LiftTrackBlock.java
A	src/main/java/com/bulkheadengineering/mobility/Mobility.java
A	src/main/java/com/bulkheadengineering/mobility/MobilityShapes.java
A	src/main/java/com/bulkheadengineering/mobility/client/GraphicsHolder.java
A	src/main/java/com/bulkheadengineering/mobility/client/LiftCarRenderer.java
A	src/main/java/com/bulkheadengineering/mobility/client/LiftStationRenderer.java
A	src/main/java/com/bulkheadengineering/mobility/client/MobilityClient.java
A	src/main/java/com/bulkheadengineering/mobility/client/ModelLift1.java
A	src/main/java/com/bulkheadengineering/mobility/client/ModelPartExtension.java
A	src/main/java/com/bulkheadengineering/mobility/client/ModelTrainBase.java
A	src/main/java/com/bulkheadengineering/mobility/client/OverlayTexture.java
A	src/main/java/com/bulkheadengineering/mobility/client/RenderStage.java
D	src/main/java/com/hbm_doors/AnimatedDoorBlock.java
D	src/main/java/com/hbm_doors/Client.java
D	src/main/java/com/hbm_doors/ControlledDoorBlock.java
D	src/main/java/com/hbm_doors/ControlledTrapDoorBlock.java
D	src/main/java/com/hbm_doors/DoorConfig.java
D	src/main/java/com/hbm_doors/DoorItem.java
D	src/main/java/com/hbm_doors/DoorItemRenderer.java
D	src/main/java/com/hbm_doors/DoorLoopSound.java
D	src/main/java/com/hbm_doors/DoorPartBlock.java
D	src/main/java/com/hbm_doors/DoorPartEntity.java
D	src/main/java/com/hbm_doors/DoorRenderer.java
D	src/main/java/com/hbm_doors/DoorVariants.java
D	src/main/java/com/hbm_doors/Doors.java
D	src/main/java/com/hbm_doors/ModularBlastDoorDecl.java
D	src/main/java/com/hbm_doors/legacy/block/entity/doors/DoorBlockEntity.java
D	src/main/java/com/hbm_doors/legacy/block/entity/doors/DoorDecl.java
D	src/main/java/com/hbm_doors/legacy/block/entity/doors/DoorDeclRegistry.java
D	src/main/java/com/hbm_doors/legacy/client/loader/dae/DaeAnimation.java
D	src/main/java/com/hbm_doors/legacy/client/loader/dae/DaeCurve.java
D	src/main/java/com/hbm_doors/legacy/client/loader/dae/DaeMesh.java
D	src/main/java/com/hbm_doors/legacy/client/loader/dae/DaeModel.java
D	src/main/java/com/hbm_doors/legacy/client/loader/dae/DaeModelFormatException.java
D	src/main/java/com/hbm_doors/legacy/client/loader/dae/DaeNode.java
D	src/main/java/com/hbm_doors/legacy/client/loader/dae/DaeTransform.java
D	src/main/java/com/hbm_doors/legacy/client/loader/dae/MinecraftResourceResolver.java
D	src/main/java/com/hbm_doors/legacy/client/model/variant/DoorModelSelection.java
D	src/main/java/com/hbm_doors/legacy/client/model/variant/DoorModelType.java
D	src/main/java/com/hbm_doors/legacy/client/model/variant/DoorSkin.java
D	src/main/java/com/hbm_doors/legacy/interfaces/IDoorAnimator.java
D	src/main/java/com/hbm_doors/legacy/lib/RefStrings.java
D	src/main/java/com/hbm_doors/legacy/multiblock/PartRole.java
D	src/main/java/com/hbm_doors/legacy/sound/ModSounds.java
D	src/main/java/com/hbm_doors/mobility/EscalatorBlock.java
D	src/main/java/com/hbm_doors/mobility/LiftBarrierEntity.java
D	src/main/java/com/hbm_doors/mobility/LiftCarEntity.java
D	src/main/java/com/hbm_doors/mobility/LiftFixtureBlock.java
D	src/main/java/com/hbm_doors/mobility/LiftNetwork.java
D	src/main/java/com/hbm_doors/mobility/LiftRoute.java
D	src/main/java/com/hbm_doors/mobility/LiftScreens.java
D	src/main/java/com/hbm_doors/mobility/LiftStationEntity.java
D	src/main/java/com/hbm_doors/mobility/LiftToolItem.java
D	src/main/java/com/hbm_doors/mobility/LiftTrackBlock.java
D	src/main/java/com/hbm_doors/mobility/Mobility.java
D	src/main/java/com/hbm_doors/mobility/MobilityShapes.java
D	src/main/java/com/hbm_doors/mobility/client/GraphicsHolder.java
D	src/main/java/com/hbm_doors/mobility/client/LiftCarRenderer.java
D	src/main/java/com/hbm_doors/mobility/client/LiftStationRenderer.java
D	src/main/java/com/hbm_doors/mobility/client/MobilityClient.java
D	src/main/java/com/hbm_doors/mobility/client/ModelLift1.java
D	src/main/java/com/hbm_doors/mobility/client/ModelPartExtension.java
D	src/main/java/com/hbm_doors/mobility/client/ModelTrainBase.java
D	src/main/java/com/hbm_doors/mobility/client/OverlayTexture.java
D	src/main/java/com/hbm_doors/mobility/client/RenderStage.java
M	src/main/resources/META-INF/mods.toml
A	src/main/resources/assets/bulkheadengineering/blockstates/blast_door.json
A	src/main/resources/assets/bulkheadengineering/blockstates/cargo_door.json
A	src/main/resources/assets/bulkheadengineering/blockstates/door_bunker.json
A	src/main/resources/assets/bulkheadengineering/blockstates/door_office.json
A	src/main/resources/assets/bulkheadengineering/blockstates/door_part.json
A	src/main/resources/assets/bulkheadengineering/blockstates/escalator_side.json
A	src/main/resources/assets/bulkheadengineering/blockstates/escalator_step.json
A	src/main/resources/assets/bulkheadengineering/blockstates/fire_door.json
A	src/main/resources/assets/bulkheadengineering/blockstates/fusion_hatch.json
A	src/main/resources/assets/bulkheadengineering/blockstates/large_vehicle_door.json
A	src/main/resources/assets/bulkheadengineering/blockstates/lift_buttons_1.json
A	src/main/resources/assets/bulkheadengineering/blockstates/lift_door_1.json
A	src/main/resources/assets/bulkheadengineering/blockstates/lift_door_odd_1.json
A	src/main/resources/assets/bulkheadengineering/blockstates/lift_panel_even_1.json
A	src/main/resources/assets/bulkheadengineering/blockstates/lift_panel_even_2.json
A	src/main/resources/assets/bulkheadengineering/blockstates/lift_panel_odd_1.json
A	src/main/resources/assets/bulkheadengineering/blockstates/lift_panel_odd_2.json
A	src/main/resources/assets/bulkheadengineering/blockstates/lift_track_1.json
A	src/main/resources/assets/bulkheadengineering/blockstates/lift_track_diagonal_1.json
A	src/main/resources/assets/bulkheadengineering/blockstates/lift_track_floor_1.json
A	src/main/resources/assets/bulkheadengineering/blockstates/lift_track_horizontal_1.json
A	src/main/resources/assets/bulkheadengineering/blockstates/metal_door.json
A	src/main/resources/assets/bulkheadengineering/blockstates/modular_blast_door.json
A	src/main/resources/assets/bulkheadengineering/blockstates/qe_containment_door.json
A	src/main/resources/assets/bulkheadengineering/blockstates/qe_sliding_door.json
A	src/main/resources/assets/bulkheadengineering/blockstates/round_airlock_door.json
A	src/main/resources/assets/bulkheadengineering/blockstates/seal_hatch.json
A	src/main/resources/assets/bulkheadengineering/blockstates/secure_access_door.json
A	src/main/resources/assets/bulkheadengineering/blockstates/silo_hatch.json
A	src/main/resources/assets/bulkheadengineering/blockstates/silo_hatch_large.json
A	src/main/resources/assets/bulkheadengineering/blockstates/sliding_blast_door.json
A	src/main/resources/assets/bulkheadengineering/blockstates/sliding_seal_door.json
A	src/main/resources/assets/bulkheadengineering/blockstates/trapdoor_steel.json
A	src/main/resources/assets/bulkheadengineering/blockstates/vault_door.json
A	src/main/resources/assets/bulkheadengineering/blockstates/water_door.json
A	src/main/resources/assets/bulkheadengineering/lang/af_za.json
A	src/main/resources/assets/bulkheadengineering/lang/ar_sa.json
A	src/main/resources/assets/bulkheadengineering/lang/az_az.json
A	src/main/resources/assets/bulkheadengineering/lang/ba_ru.json
A	src/main/resources/assets/bulkheadengineering/lang/be_by.json
A	src/main/resources/assets/bulkheadengineering/lang/bg_bg.json
A	src/main/resources/assets/bulkheadengineering/lang/bs_ba.json
A	src/main/resources/assets/bulkheadengineering/lang/cs_cz.json
A	src/main/resources/assets/bulkheadengineering/lang/cy_gb.json
A	src/main/resources/assets/bulkheadengineering/lang/da_dk.json
A	src/main/resources/assets/bulkheadengineering/lang/de_at.json
A	src/main/resources/assets/bulkheadengineering/lang/de_ch.json
A	src/main/resources/assets/bulkheadengineering/lang/de_de.json
A	src/main/resources/assets/bulkheadengineering/lang/el_gr.json
A	src/main/resources/assets/bulkheadengineering/lang/en_gb.json
A	src/main/resources/assets/bulkheadengineering/lang/en_pt.json
A	src/main/resources/assets/bulkheadengineering/lang/en_us.json
A	src/main/resources/assets/bulkheadengineering/lang/eo_uy.json
A	src/main/resources/assets/bulkheadengineering/lang/es_ar.json
A	src/main/resources/assets/bulkheadengineering/lang/es_cl.json
A	src/main/resources/assets/bulkheadengineering/lang/es_ec.json
A	src/main/resources/assets/bulkheadengineering/lang/es_es.json
A	src/main/resources/assets/bulkheadengineering/lang/es_mx.json
A	src/main/resources/assets/bulkheadengineering/lang/es_uy.json
A	src/main/resources/assets/bulkheadengineering/lang/es_ve.json
A	src/main/resources/assets/bulkheadengineering/lang/et_ee.json
A	src/main/resources/assets/bulkheadengineering/lang/fa_ir.json
A	src/main/resources/assets/bulkheadengineering/lang/fi_fi.json
A	src/main/resources/assets/bulkheadengineering/lang/fil_ph.json
A	src/main/resources/assets/bulkheadengineering/lang/fo_fo.json
A	src/main/resources/assets/bulkheadengineering/lang/fr_ca.json
A	src/main/resources/assets/bulkheadengineering/lang/fr_fr.json
A	src/main/resources/assets/bulkheadengineering/lang/fra_de.json
A	src/main/resources/assets/bulkheadengineering/lang/fur_it.json
A	src/main/resources/assets/bulkheadengineering/lang/fy_nl.json
A	src/main/resources/assets/bulkheadengineering/lang/ga_ie.json
A	src/main/resources/assets/bulkheadengineering/lang/gd_gb.json
A	src/main/resources/assets/bulkheadengineering/lang/haw_us.json
A	src/main/resources/assets/bulkheadengineering/lang/he_il.json
A	src/main/resources/assets/bulkheadengineering/lang/hi_in.json
A	src/main/resources/assets/bulkheadengineering/lang/hr_hr.json
A	src/main/resources/assets/bulkheadengineering/lang/hu_hu.json
A	src/main/resources/assets/bulkheadengineering/lang/hy_am.json
A	src/main/resources/assets/bulkheadengineering/lang/id_id.json
A	src/main/resources/assets/bulkheadengineering/lang/ig_ng.json
A	src/main/resources/assets/bulkheadengineering/lang/is_is.json
A	src/main/resources/assets/bulkheadengineering/lang/it_it.json
A	src/main/resources/assets/bulkheadengineering/lang/ja_jp.json
A	src/main/resources/assets/bulkheadengineering/lang/jbo_en.json
A	src/main/resources/assets/bulkheadengineering/lang/ka_ge.json
A	src/main/resources/assets/bulkheadengineering/lang/kk_kz.json
A	src/main/resources/assets/bulkheadengineering/lang/ko_kr.json
A	src/main/resources/assets/bulkheadengineering/lang/la_la.json
A	src/main/resources/assets/bulkheadengineering/lang/lb_lu.json
A	src/main/resources/assets/bulkheadengineering/lang/li_li.json
A	src/main/resources/assets/bulkheadengineering/lang/lo_la.json
A	src/main/resources/assets/bulkheadengineering/lang/lol_us.json
A	src/main/resources/assets/bulkheadengineering/lang/lt_lt.json
A	src/main/resources/assets/bulkheadengineering/lang/lv_lv.json
A	src/main/resources/assets/bulkheadengineering/lang/mk_mk.json
A	src/main/resources/assets/bulkheadengineering/lang/mn_mn.json
A	src/main/resources/assets/bulkheadengineering/lang/ms_my.json
A	src/main/resources/assets/bulkheadengineering/lang/mt_mt.json
A	src/main/resources/assets/bulkheadengineering/lang/nb_no.json
A	src/main/resources/assets/bulkheadengineering/lang/nds_de.json
A	src/main/resources/assets/bulkheadengineering/lang/nl_nl.json
A	src/main/resources/assets/bulkheadengineering/lang/nn_no.json
A	src/main/resources/assets/bulkheadengineering/lang/oc_fr.json
A	src/main/resources/assets/bulkheadengineering/lang/pl_pl.json
A	src/main/resources/assets/bulkheadengineering/lang/pt_br.json
A	src/main/resources/assets/bulkheadengineering/lang/pt_pt.json
A	src/main/resources/assets/bulkheadengineering/lang/qya_aa.json
A	src/main/resources/assets/bulkheadengineering/lang/ro_ro.json
A	src/main/resources/assets/bulkheadengineering/lang/ry_ua.json
A	src/main/resources/assets/bulkheadengineering/lang/se_no.json
A	src/main/resources/assets/bulkheadengineering/lang/sk_sk.json
A	src/main/resources/assets/bulkheadengineering/lang/sl_si.json
A	src/main/resources/assets/bulkheadengineering/lang/so_so.json
A	src/main/resources/assets/bulkheadengineering/lang/sq_al.json
A	src/main/resources/assets/bulkheadengineering/lang/sr_cs.json
A	src/main/resources/assets/bulkheadengineering/lang/sr_sp.json
A	src/main/resources/assets/bulkheadengineering/lang/sv_se.json
A	src/main/resources/assets/bulkheadengineering/lang/ta_in.json
A	src/main/resources/assets/bulkheadengineering/lang/th_th.json
A	src/main/resources/assets/bulkheadengineering/lang/tl_ph.json
A	src/main/resources/assets/bulkheadengineering/lang/tlh_aa.json
A	src/main/resources/assets/bulkheadengineering/lang/tr_tr.json
A	src/main/resources/assets/bulkheadengineering/lang/tt_ru.json
A	src/main/resources/assets/bulkheadengineering/lang/uk_ua.json
A	src/main/resources/assets/bulkheadengineering/lang/val_es.json
A	src/main/resources/assets/bulkheadengineering/lang/vec_it.json
A	src/main/resources/assets/bulkheadengineering/lang/vi_vn.json
A	src/main/resources/assets/bulkheadengineering/lang/vls_be.json
A	src/main/resources/assets/bulkheadengineering/lang/yi_de.json
A	src/main/resources/assets/bulkheadengineering/lang/yo_ng.json
A	src/main/resources/assets/bulkheadengineering/lang/zh_cn.json
A	src/main/resources/assets/bulkheadengineering/lang/zh_tw.json
A	src/main/resources/assets/bulkheadengineering/models/block/blast_door.json
A	src/main/resources/assets/bulkheadengineering/models/block/door_bunker_bottom_left.json
A	src/main/resources/assets/bulkheadengineering/models/block/door_bunker_bottom_left_open.json
A	src/main/resources/assets/bulkheadengineering/models/block/door_bunker_bottom_right.json
A	src/main/resources/assets/bulkheadengineering/models/block/door_bunker_bottom_right_open.json
A	src/main/resources/assets/bulkheadengineering/models/block/door_bunker_top_left.json
A	src/main/resources/assets/bulkheadengineering/models/block/door_bunker_top_left_open.json
A	src/main/resources/assets/bulkheadengineering/models/block/door_bunker_top_right.json
A	src/main/resources/assets/bulkheadengineering/models/block/door_bunker_top_right_open.json
A	src/main/resources/assets/bulkheadengineering/models/block/door_office_bottom_left.json
A	src/main/resources/assets/bulkheadengineering/models/block/door_office_bottom_left_open.json
A	src/main/resources/assets/bulkheadengineering/models/block/door_office_bottom_right.json
A	src/main/resources/assets/bulkheadengineering/models/block/door_office_bottom_right_open.json
A	src/main/resources/assets/bulkheadengineering/models/block/door_office_top_left.json
A	src/main/resources/assets/bulkheadengineering/models/block/door_office_top_left_open.json
A	src/main/resources/assets/bulkheadengineering/models/block/door_office_top_right.json
A	src/main/resources/assets/bulkheadengineering/models/block/door_office_top_right_open.json
A	src/main/resources/assets/bulkheadengineering/models/block/doors/cargo_door.json
A	src/main/resources/assets/bulkheadengineering/models/block/doors/cargo_door.mtl
A	src/main/resources/assets/bulkheadengineering/models/block/doors/cargo_door.obj
A	src/main/resources/assets/bulkheadengineering/models/block/doors/fire_door.json
A	src/main/resources/assets/bulkheadengineering/models/block/doors/fire_door.mtl
A	src/main/resources/assets/bulkheadengineering/models/block/doors/fire_door.obj
A	src/main/resources/assets/bulkheadengineering/models/block/doors/fire_door_config.json
A	src/main/resources/assets/bulkheadengineering/models/block/doors/fire_door_legacy.json
A	src/main/resources/assets/bulkheadengineering/models/block/doors/fire_door_modern.json
A	src/main/resources/assets/bulkheadengineering/models/block/doors/fire_door_modern_black.json
A	src/main/resources/assets/bulkheadengineering/models/block/doors/fire_door_modern_orange.json
A	src/main/resources/assets/bulkheadengineering/models/block/doors/fire_door_modern_trefoil.json
A	src/main/resources/assets/bulkheadengineering/models/block/doors/fire_door_modern_yellow.json
A	src/main/resources/assets/bulkheadengineering/models/block/doors/fire_door_old.obj
A	src/main/resources/assets/bulkheadengineering/models/block/doors/large_vehicle_door.json
A	src/main/resources/assets/bulkheadengineering/models/block/doors/large_vehicle_door.mtl
A	src/main/resources/assets/bulkheadengineering/models/block/doors/large_vehicle_door.obj
A	src/main/resources/assets/bulkheadengineering/models/block/doors/large_vehicle_door_clean.obj
A	src/main/resources/assets/bulkheadengineering/models/block/doors/large_vehicle_door_config.json
A	src/main/resources/assets/bulkheadengineering/models/block/doors/large_vehicle_door_legacy.json
A	src/main/resources/assets/bulkheadengineering/models/block/doors/large_vehicle_door_modern.json
A	src/main/resources/assets/bulkheadengineering/models/block/doors/large_vehicle_door_modern_clean.json
A	src/main/resources/assets/bulkheadengineering/models/block/doors/large_vehicle_door_modern_rad.json
A	src/main/resources/assets/bulkheadengineering/models/block/doors/large_vehicle_door_old.obj
A	src/main/resources/assets/bulkheadengineering/models/block/doors/modular_blast_door.json
A	src/main/resources/assets/bulkheadengineering/models/block/doors/modular_blast_door.obj
A	src/main/resources/assets/bulkheadengineering/models/block/doors/qe_containment_door.json
A	src/main/resources/assets/bulkheadengineering/models/block/doors/qe_containment_door.mtl
A	src/main/resources/assets/bulkheadengineering/models/block/doors/qe_containment_door.obj
A	src/main/resources/assets/bulkheadengineering/models/block/doors/qe_containment_door_config.json
A	src/main/resources/assets/bulkheadengineering/models/block/doors/qe_containment_door_legacy.json
A	src/main/resources/assets/bulkheadengineering/models/block/doors/qe_containment_door_modern.json
A	src/main/resources/assets/bulkheadengineering/models/block/doors/qe_containment_door_modern_trefoil.json
A	src/main/resources/assets/bulkheadengineering/models/block/doors/qe_containment_door_modern_trefoil_yellow.json
A	src/main/resources/assets/bulkheadengineering/models/block/doors/qe_containment_door_old.obj
A	src/main/resources/assets/bulkheadengineering/models/block/doors/qe_sliding_door.json
A	src/main/resources/assets/bulkheadengineering/models/block/doors/qe_sliding_door.mtl
A	src/main/resources/assets/bulkheadengineering/models/block/doors/qe_sliding_door.obj
A	src/main/resources/assets/bulkheadengineering/models/block/doors/qe_sliding_door_config.json
A	src/main/resources/assets/bulkheadengineering/models/block/doors/qe_sliding_door_legacy.json
A	src/main/resources/assets/bulkheadengineering/models/block/doors/qe_sliding_door_modern.json
A	src/main/resources/assets/bulkheadengineering/models/block/doors/qe_sliding_door_old.obj
A	src/main/resources/assets/bulkheadengineering/models/block/doors/round_airlock_door.json
A	src/main/resources/assets/bulkheadengineering/models/block/doors/round_airlock_door.mtl
A	src/main/resources/assets/bulkheadengineering/models/block/doors/round_airlock_door.obj
A	src/main/resources/assets/bulkheadengineering/models/block/doors/round_airlock_door_config.json
A	src/main/resources/assets/bulkheadengineering/models/block/doors/round_airlock_door_legacy.json
A	src/main/resources/assets/bulkheadengineering/models/block/doors/round_airlock_door_modern.json
A	src/main/resources/assets/bulkheadengineering/models/block/doors/round_airlock_door_modern_clean.json
A	src/main/resources/assets/bulkheadengineering/models/block/doors/round_airlock_door_modern_green.json
A	src/main/resources/assets/bulkheadengineering/models/block/doors/round_airlock_door_old.obj
A	src/main/resources/assets/bulkheadengineering/models/block/doors/secure_access_door.json
A	src/main/resources/assets/bulkheadengineering/models/block/doors/secure_access_door.mtl
A	src/main/resources/assets/bulkheadengineering/models/block/doors/secure_access_door.obj
A	src/main/resources/assets/bulkheadengineering/models/block/doors/secure_access_door_config.json
A	src/main/resources/assets/bulkheadengineering/models/block/doors/secure_access_door_legacy.json
A	src/main/resources/assets/bulkheadengineering/models/block/doors/secure_access_door_modern.json
A	src/main/resources/assets/bulkheadengineering/models/block/doors/secure_access_door_modern_black.json
A	src/main/resources/assets/bulkheadengineering/models/block/doors/secure_access_door_modern_gray.json
A	src/main/resources/assets/bulkheadengineering/models/block/doors/secure_access_door_modern_yellow.json
A	src/main/resources/assets/bulkheadengineering/models/block/doors/secure_access_door_old.obj
A	src/main/resources/assets/bulkheadengineering/models/block/doors/silo_hatch.json
A	src/main/resources/assets/bulkheadengineering/models/block/doors/silo_hatch.mtl
A	src/main/resources/assets/bulkheadengineering/models/block/doors/silo_hatch.obj
A	src/main/resources/assets/bulkheadengineering/models/block/doors/silo_hatch_large.json
A	src/main/resources/assets/bulkheadengineering/models/block/doors/silo_hatch_large.mtl
A	src/main/resources/assets/bulkheadengineering/models/block/doors/silo_hatch_large.obj
A	src/main/resources/assets/bulkheadengineering/models/block/doors/sliding_blast_door.dae
A	src/main/resources/assets/bulkheadengineering/models/block/doors/sliding_blast_door.json
A	src/main/resources/assets/bulkheadengineering/models/block/doors/sliding_blast_door.mtl
A	src/main/resources/assets/bulkheadengineering/models/block/doors/sliding_blast_door.obj
A	src/main/resources/assets/bulkheadengineering/models/block/doors/sliding_blast_door_config.json
A	src/main/resources/assets/bulkheadengineering/models/block/doors/sliding_blast_door_legacy.json
A	src/main/resources/assets/bulkheadengineering/models/block/doors/sliding_blast_door_modern.json
A	src/main/resources/assets/bulkheadengineering/models/block/doors/sliding_blast_door_modern_variant1.json
A	src/main/resources/assets/bulkheadengineering/models/block/doors/sliding_blast_door_modern_variant2.json
A	src/main/resources/assets/bulkheadengineering/models/block/doors/sliding_seal_door.json
A	src/main/resources/assets/bulkheadengineering/models/block/doors/sliding_seal_door.mtl
A	src/main/resources/assets/bulkheadengineering/models/block/doors/sliding_seal_door.obj
A	src/main/resources/assets/bulkheadengineering/models/block/doors/sliding_seal_door_config.json
A	src/main/resources/assets/bulkheadengineering/models/block/doors/sliding_seal_door_legacy.json
A	src/main/resources/assets/bulkheadengineering/models/block/doors/sliding_seal_door_modern.json
A	src/main/resources/assets/bulkheadengineering/models/block/doors/sliding_seal_door_old.obj
A	src/main/resources/assets/bulkheadengineering/models/block/doors/transition_seal.dae
A	src/main/resources/assets/bulkheadengineering/models/block/doors/transition_seal.json
A	src/main/resources/assets/bulkheadengineering/models/block/doors/vault_door.json
A	src/main/resources/assets/bulkheadengineering/models/block/doors/vault_door.mtl
A	src/main/resources/assets/bulkheadengineering/models/block/doors/vault_door.obj
A	src/main/resources/assets/bulkheadengineering/models/block/doors/vault_door_config.json
A	src/main/resources/assets/bulkheadengineering/models/block/doors/vault_door_skin_101.json
A	src/main/resources/assets/bulkheadengineering/models/block/doors/vault_door_skin_106.json
A	src/main/resources/assets/bulkheadengineering/models/block/doors/vault_door_skin_111.json
A	src/main/resources/assets/bulkheadengineering/models/block/doors/vault_door_skin_2.json
A	src/main/resources/assets/bulkheadengineering/models/block/doors/vault_door_skin_81.json
A	src/main/resources/assets/bulkheadengineering/models/block/doors/vault_door_skin_87.json
A	src/main/resources/assets/bulkheadengineering/models/block/doors/vault_door_skin_99.json
A	src/main/resources/assets/bulkheadengineering/models/block/doors/water_door.json
A	src/main/resources/assets/bulkheadengineering/models/block/doors/water_door.mtl
A	src/main/resources/assets/bulkheadengineering/models/block/doors/water_door.obj
A	src/main/resources/assets/bulkheadengineering/models/block/doors/water_door_clean.json
A	src/main/resources/assets/bulkheadengineering/models/block/doors/water_door_config.json
A	src/main/resources/assets/bulkheadengineering/models/block/doors/water_door_legacy.json
A	src/main/resources/assets/bulkheadengineering/models/block/doors/water_door_modern.json
A	src/main/resources/assets/bulkheadengineering/models/block/doors/water_door_old.obj
A	src/main/resources/assets/bulkheadengineering/models/block/fusion_hatch.json
A	src/main/resources/assets/bulkheadengineering/models/block/fusion_hatch_bottom.json
A	src/main/resources/assets/bulkheadengineering/models/block/fusion_hatch_open.json
A	src/main/resources/assets/bulkheadengineering/models/block/fusion_hatch_top.json
A	src/main/resources/assets/bulkheadengineering/models/block/metal_door_bottom_left.json
A	src/main/resources/assets/bulkheadengineering/models/block/metal_door_bottom_left_open.json
A	src/main/resources/assets/bulkheadengineering/models/block/metal_door_bottom_right.json
A	src/main/resources/assets/bulkheadengineering/models/block/metal_door_bottom_right_open.json
A	src/main/resources/assets/bulkheadengineering/models/block/metal_door_top_left.json
A	src/main/resources/assets/bulkheadengineering/models/block/metal_door_top_left_open.json
A	src/main/resources/assets/bulkheadengineering/models/block/metal_door_top_right.json
A	src/main/resources/assets/bulkheadengineering/models/block/metal_door_top_right_open.json
A	src/main/resources/assets/bulkheadengineering/models/block/seal_hatch.json
A	src/main/resources/assets/bulkheadengineering/models/block/seal_hatch_bottom.json
A	src/main/resources/assets/bulkheadengineering/models/block/seal_hatch_open.json
A	src/main/resources/assets/bulkheadengineering/models/block/seal_hatch_top.json
A	src/main/resources/assets/bulkheadengineering/models/block/trapdoor_steel.json
A	src/main/resources/assets/bulkheadengineering/models/block/trapdoor_steel_bottom.json
A	src/main/resources/assets/bulkheadengineering/models/block/trapdoor_steel_open.json
A	src/main/resources/assets/bulkheadengineering/models/block/trapdoor_steel_top.json
A	src/main/resources/assets/bulkheadengineering/models/item/blast_door.json
A	src/main/resources/assets/bulkheadengineering/models/item/cargo_door.json
A	src/main/resources/assets/bulkheadengineering/models/item/door_bunker.json
A	src/main/resources/assets/bulkheadengineering/models/item/door_office.json
A	src/main/resources/assets/bulkheadengineering/models/item/escalator.json
A	src/main/resources/assets/bulkheadengineering/models/item/fire_door.json
A	src/main/resources/assets/bulkheadengineering/models/item/fusion_hatch.json
A	src/main/resources/assets/bulkheadengineering/models/item/large_vehicle_door.json
A	src/main/resources/assets/bulkheadengineering/models/item/lift_buttons_1.json
A	src/main/resources/assets/bulkheadengineering/models/item/lift_buttons_link_connector.json
A	src/main/resources/assets/bulkheadengineering/models/item/lift_buttons_link_connector_selected.json
A	src/main/resources/assets/bulkheadengineering/models/item/lift_buttons_link_remover.json
A	src/main/resources/assets/bulkheadengineering/models/item/lift_buttons_link_remover_selected.json
A	src/main/resources/assets/bulkheadengineering/models/item/lift_door_1.json
A	src/main/resources/assets/bulkheadengineering/models/item/lift_door_odd_1.json
A	src/main/resources/assets/bulkheadengineering/models/item/lift_panel_even_1.json
A	src/main/resources/assets/bulkheadengineering/models/item/lift_panel_even_2.json
A	src/main/resources/assets/bulkheadengineering/models/item/lift_panel_odd_1.json
A	src/main/resources/assets/bulkheadengineering/models/item/lift_panel_odd_2.json
A	src/main/resources/assets/bulkheadengineering/models/item/lift_refresher.json
A	src/main/resources/assets/bulkheadengineering/models/item/lift_track_1.json
A	src/main/resources/assets/bulkheadengineering/models/item/lift_track_diagonal_1.json
A	src/main/resources/assets/bulkheadengineering/models/item/lift_track_floor_1.json
A	src/main/resources/assets/bulkheadengineering/models/item/lift_track_horizontal_1.json
A	src/main/resources/assets/bulkheadengineering/models/item/lift_wrench.json
A	src/main/resources/assets/bulkheadengineering/models/item/metal_door.json
A	src/main/resources/assets/bulkheadengineering/models/item/modular_blast_door.json
A	src/main/resources/assets/bulkheadengineering/models/item/qe_containment_door.json
A	src/main/resources/assets/bulkheadengineering/models/item/qe_sliding_door.json
A	src/main/resources/assets/bulkheadengineering/models/item/round_airlock_door.json
A	src/main/resources/assets/bulkheadengineering/models/item/seal_hatch.json
A	src/main/resources/assets/bulkheadengineering/models/item/secure_access_door.json
A	src/main/resources/assets/bulkheadengineering/models/item/silo_hatch.json
A	src/main/resources/assets/bulkheadengineering/models/item/silo_hatch_large.json
A	src/main/resources/assets/bulkheadengineering/models/item/sliding_blast_door.json
A	src/main/resources/assets/bulkheadengineering/models/item/sliding_seal_door.json
A	src/main/resources/assets/bulkheadengineering/models/item/trapdoor_steel.json
A	src/main/resources/assets/bulkheadengineering/models/item/vault_door.json
A	src/main/resources/assets/bulkheadengineering/models/item/water_door.json
A	src/main/resources/assets/bulkheadengineering/models/mtr/block/escalator_side_flat.json
A	src/main/resources/assets/bulkheadengineering/models/mtr/block/escalator_side_landing_left.json
A	src/main/resources/assets/bulkheadengineering/models/mtr/block/escalator_side_landing_right.json
A	src/main/resources/assets/bulkheadengineering/models/mtr/block/escalator_side_slope_left.json
A	src/main/resources/assets/bulkheadengineering/models/mtr/block/escalator_side_slope_right.json
A	src/main/resources/assets/bulkheadengineering/models/mtr/block/escalator_side_transition_bottom_left.json
A	src/main/resources/assets/bulkheadengineering/models/mtr/block/escalator_side_transition_bottom_right.json
A	src/main/resources/assets/bulkheadengineering/models/mtr/block/escalator_side_transition_top_left.json
A	src/main/resources/assets/bulkheadengineering/models/mtr/block/escalator_side_transition_top_right.json
A	src/main/resources/assets/bulkheadengineering/models/mtr/block/escalator_step_flat_left_base.json
A	src/main/resources/assets/bulkheadengineering/models/mtr/block/escalator_step_flat_left_down.json
A	src/main/resources/assets/bulkheadengineering/models/mtr/block/escalator_step_flat_left_stop.json
A	src/main/resources/assets/bulkheadengineering/models/mtr/block/escalator_step_flat_left_up.json
A	src/main/resources/assets/bulkheadengineering/models/mtr/block/escalator_step_flat_right_base.json
A	src/main/resources/assets/bulkheadengineering/models/mtr/block/escalator_step_flat_right_down.json
A	src/main/resources/assets/bulkheadengineering/models/mtr/block/escalator_step_flat_right_stop.json
A	src/main/resources/assets/bulkheadengineering/models/mtr/block/escalator_step_flat_right_up.json
A	src/main/resources/assets/bulkheadengineering/models/mtr/block/escalator_step_landing.json
A	src/main/resources/assets/bulkheadengineering/models/mtr/block/escalator_step_slope_left_base.json
A	src/main/resources/assets/bulkheadengineering/models/mtr/block/escalator_step_slope_left_down.json
A	src/main/resources/assets/bulkheadengineering/models/mtr/block/escalator_step_slope_left_stop.json
A	src/main/resources/assets/bulkheadengineering/models/mtr/block/escalator_step_slope_left_up.json
A	src/main/resources/assets/bulkheadengineering/models/mtr/block/escalator_step_slope_right_base.json
A	src/main/resources/assets/bulkheadengineering/models/mtr/block/escalator_step_slope_right_down.json
A	src/main/resources/assets/bulkheadengineering/models/mtr/block/escalator_step_slope_right_stop.json
A	src/main/resources/assets/bulkheadengineering/models/mtr/block/escalator_step_slope_right_up.json
A	src/main/resources/assets/bulkheadengineering/models/mtr/block/escalator_step_transition_bottom_left_base.json
A	src/main/resources/assets/bulkheadengineering/models/mtr/block/escalator_step_transition_bottom_left_down.json
A	src/main/resources/assets/bulkheadengineering/models/mtr/block/escalator_step_transition_bottom_left_stop.json
A	src/main/resources/assets/bulkheadengineering/models/mtr/block/escalator_step_transition_bottom_left_up.json
A	src/main/resources/assets/bulkheadengineering/models/mtr/block/escalator_step_transition_bottom_right_base.json
A	src/main/resources/assets/bulkheadengineering/models/mtr/block/escalator_step_transition_bottom_right_down.json
A	src/main/resources/assets/bulkheadengineering/models/mtr/block/escalator_step_transition_bottom_right_stop.json
A	src/main/resources/assets/bulkheadengineering/models/mtr/block/escalator_step_transition_bottom_right_up.json
A	src/main/resources/assets/bulkheadengineering/models/mtr/block/lift_buttons_1.json
A	src/main/resources/assets/bulkheadengineering/models/mtr/block/lift_door_edge_left.json
A	src/main/resources/assets/bulkheadengineering/models/mtr/block/lift_door_edge_left_odd.json
A	src/main/resources/assets/bulkheadengineering/models/mtr/block/lift_door_edge_right.json
A	src/main/resources/assets/bulkheadengineering/models/mtr/block/lift_door_edge_right_odd.json
A	src/main/resources/assets/bulkheadengineering/models/mtr/block/lift_panel_even_1_left.json
A	src/main/resources/assets/bulkheadengineering/models/mtr/block/lift_panel_even_1_right.json
A	src/main/resources/assets/bulkheadengineering/models/mtr/block/lift_panel_even_2_left.json
A	src/main/resources/assets/bulkheadengineering/models/mtr/block/lift_panel_even_2_right.json
A	src/main/resources/assets/bulkheadengineering/models/mtr/block/lift_panel_odd_1_left.json
A	src/main/resources/assets/bulkheadengineering/models/mtr/block/lift_panel_odd_1_middle.json
A	src/main/resources/assets/bulkheadengineering/models/mtr/block/lift_panel_odd_1_right.json
A	src/main/resources/assets/bulkheadengineering/models/mtr/block/lift_panel_odd_2_left.json
A	src/main/resources/assets/bulkheadengineering/models/mtr/block/lift_panel_odd_2_middle.json
A	src/main/resources/assets/bulkheadengineering/models/mtr/block/lift_panel_odd_2_right.json
A	src/main/resources/assets/bulkheadengineering/models/mtr/block/lift_track_diagonal_bottom_1.json
A	src/main/resources/assets/bulkheadengineering/models/mtr/block/lift_track_diagonal_left_1.json
A	src/main/resources/assets/bulkheadengineering/models/mtr/block/lift_track_diagonal_right_1.json
A	src/main/resources/assets/bulkheadengineering/models/mtr/block/lift_track_diagonal_top_1.json
A	src/main/resources/assets/bulkheadengineering/models/mtr/block/lift_track_floor_1.json
A	src/main/resources/assets/bulkheadengineering/models/mtr/block/lift_track_horizontal_1.json
A	src/main/resources/assets/bulkheadengineering/models/mtr/block/lift_track_vertical_1.json
A	src/main/resources/assets/bulkheadengineering/models/mtr/item/lift_buttons_link_connector_selected.json
A	src/main/resources/assets/bulkheadengineering/models/mtr/item/lift_buttons_link_remover_selected.json
A	src/main/resources/assets/bulkheadengineering/sounds.json
A	src/main/resources/assets/bulkheadengineering/sounds/block/door/alarm_6.ogg
A	src/main/resources/assets/bulkheadengineering/sounds/block/door/door_move_2.ogg
A	src/main/resources/assets/bulkheadengineering/sounds/block/door/door_wgh_big_start.ogg
A	src/main/resources/assets/bulkheadengineering/sounds/block/door/door_wgh_big_stop.ogg
A	src/main/resources/assets/bulkheadengineering/sounds/block/door/garage_move.ogg
A	src/main/resources/assets/bulkheadengineering/sounds/block/door/garage_stop.ogg
A	src/main/resources/assets/bulkheadengineering/sounds/block/door/lever_1.ogg
A	src/main/resources/assets/bulkheadengineering/sounds/block/door/metal_stop_1.ogg
A	src/main/resources/assets/bulkheadengineering/sounds/block/door/sliding_door_opened.ogg
A	src/main/resources/assets/bulkheadengineering/sounds/block/door/sliding_door_opening.ogg
A	src/main/resources/assets/bulkheadengineering/sounds/block/door/sliding_door_shut.ogg
A	src/main/resources/assets/bulkheadengineering/sounds/block/door/vault_scrape.ogg
A	src/main/resources/assets/bulkheadengineering/sounds/block/door/vault_thud.ogg
A	src/main/resources/assets/bulkheadengineering/sounds/block/door/wgh_start.ogg
A	src/main/resources/assets/bulkheadengineering/sounds/block/door/wgh_stop.ogg
A	src/main/resources/assets/bulkheadengineering/sounds/block/reactorstart.ogg
A	src/main/resources/assets/bulkheadengineering/sounds/block/reactorstop.ogg
A	src/main/resources/assets/bulkheadengineering/textures/block/blast_door.png
A	src/main/resources/assets/bulkheadengineering/textures/block/door_bunker_bottom.png
A	src/main/resources/assets/bulkheadengineering/textures/block/door_bunker_top.png
A	src/main/resources/assets/bulkheadengineering/textures/block/door_office_bottom.png
A	src/main/resources/assets/bulkheadengineering/textures/block/door_office_top.png
A	src/main/resources/assets/bulkheadengineering/textures/block/doors/blast_door_base.png
A	src/main/resources/assets/bulkheadengineering/textures/block/doors/blast_door_block.png
A	src/main/resources/assets/bulkheadengineering/textures/block/doors/blast_door_slider.png
A	src/main/resources/assets/bulkheadengineering/textures/block/doors/blast_door_tooth.png
A	src/main/resources/assets/bulkheadengineering/textures/block/doors/blast_door_tooth_alt.png
A	src/main/resources/assets/bulkheadengineering/textures/block/doors/blast_door_tooth_alt_alt.png
A	src/main/resources/assets/bulkheadengineering/textures/block/doors/cargo_door.png
A	src/main/resources/assets/bulkheadengineering/textures/block/doors/fire_door.png
A	src/main/resources/assets/bulkheadengineering/textures/block/doors/fire_door_black.png
A	src/main/resources/assets/bulkheadengineering/textures/block/doors/fire_door_old.png
A	src/main/resources/assets/bulkheadengineering/textures/block/doors/fire_door_orange.png
A	src/main/resources/assets/bulkheadengineering/textures/block/doors/fire_door_trefoil.png
A	src/main/resources/assets/bulkheadengineering/textures/block/doors/fire_door_yellow.png
A	src/main/resources/assets/bulkheadengineering/textures/block/doors/label_101.png
A	src/main/resources/assets/bulkheadengineering/textures/block/doors/label_106.png
A	src/main/resources/assets/bulkheadengineering/textures/block/doors/label_111.png
A	src/main/resources/assets/bulkheadengineering/textures/block/doors/label_2.png
A	src/main/resources/assets/bulkheadengineering/textures/block/doors/label_81.png
A	src/main/resources/assets/bulkheadengineering/textures/block/doors/label_87.png
A	src/main/resources/assets/bulkheadengineering/textures/block/doors/label_99.png
A	src/main/resources/assets/bulkheadengineering/textures/block/doors/large_vehicle_door.png
A	src/main/resources/assets/bulkheadengineering/textures/block/doors/large_vehicle_door_clean.png
A	src/main/resources/assets/bulkheadengineering/textures/block/doors/large_vehicle_door_old.png
A	src/main/resources/assets/bulkheadengineering/textures/block/doors/large_vehicle_door_rad.png
A	src/main/resources/assets/bulkheadengineering/textures/block/doors/large_vehicle_door_skin_rad.png
A	src/main/resources/assets/bulkheadengineering/textures/block/doors/modular_blast/blast_door_base.png
A	src/main/resources/assets/bulkheadengineering/textures/block/doors/modular_blast/blast_door_block.png
A	src/main/resources/assets/bulkheadengineering/textures/block/doors/modular_blast/blast_door_slider.png
A	src/main/resources/assets/bulkheadengineering/textures/block/doors/modular_blast/blast_door_tooth.png
A	src/main/resources/assets/bulkheadengineering/textures/block/doors/qe_containment_decal.png
A	src/main/resources/assets/bulkheadengineering/textures/block/doors/qe_containment_door.png
A	src/main/resources/assets/bulkheadengineering/textures/block/doors/qe_containment_door_old.png
A	src/main/resources/assets/bulkheadengineering/textures/block/doors/qe_containment_door_trefoil.png
A	src/main/resources/assets/bulkheadengineering/textures/block/doors/qe_containment_door_trefoil_yellow.png
A	src/main/resources/assets/bulkheadengineering/textures/block/doors/qe_sliding_door.png
A	src/main/resources/assets/bulkheadengineering/textures/block/doors/qe_sliding_door_old.png
A	src/main/resources/assets/bulkheadengineering/textures/block/doors/round_airlock_door.png
A	src/main/resources/assets/bulkheadengineering/textures/block/doors/round_airlock_door_clean.png
A	src/main/resources/assets/bulkheadengineering/textures/block/doors/round_airlock_door_green.png
A	src/main/resources/assets/bulkheadengineering/textures/block/doors/round_airlock_door_old.png
A	src/main/resources/assets/bulkheadengineering/textures/block/doors/secure_access_door.png
A	src/main/resources/assets/bulkheadengineering/textures/block/doors/secure_access_door_black.png
A	src/main/resources/assets/bulkheadengineering/textures/block/doors/secure_access_door_gray.png
A	src/main/resources/assets/bulkheadengineering/textures/block/doors/secure_access_door_old.png
A	src/main/resources/assets/bulkheadengineering/textures/block/doors/secure_access_door_yellow.png
A	src/main/resources/assets/bulkheadengineering/textures/block/doors/silo_hatch.png
A	src/main/resources/assets/bulkheadengineering/textures/block/doors/silo_hatch_base.png
A	src/main/resources/assets/bulkheadengineering/textures/block/doors/silo_hatch_large.png
A	src/main/resources/assets/bulkheadengineering/textures/block/doors/silo_hatch_large_base.png
A	src/main/resources/assets/bulkheadengineering/textures/block/doors/sliding_blast_door.png
A	src/main/resources/assets/bulkheadengineering/textures/block/doors/sliding_blast_door_old.png
A	src/main/resources/assets/bulkheadengineering/textures/block/doors/sliding_blast_door_variant1_old.png
A	src/main/resources/assets/bulkheadengineering/textures/block/doors/sliding_blast_door_variant2_old.png
A	src/main/resources/assets/bulkheadengineering/textures/block/doors/sliding_seal_door.png
A	src/main/resources/assets/bulkheadengineering/textures/block/doors/sliding_seal_door_old.png
A	src/main/resources/assets/bulkheadengineering/textures/block/doors/transition_seal.png
A	src/main/resources/assets/bulkheadengineering/textures/block/doors/vault_door_3.png
A	src/main/resources/assets/bulkheadengineering/textures/block/doors/vault_door_4.png
A	src/main/resources/assets/bulkheadengineering/textures/block/doors/vault_door_s.png
A	src/main/resources/assets/bulkheadengineering/textures/block/doors/water_door.png
A	src/main/resources/assets/bulkheadengineering/textures/block/doors/water_door_clean.png
A	src/main/resources/assets/bulkheadengineering/textures/block/doors/water_door_old.png
A	src/main/resources/assets/bulkheadengineering/textures/block/fusion_hatch.png
A	src/main/resources/assets/bulkheadengineering/textures/block/metal_door_bottom.png
A	src/main/resources/assets/bulkheadengineering/textures/block/metal_door_top.png
A	src/main/resources/assets/bulkheadengineering/textures/block/seal_hatch_3.png
A	src/main/resources/assets/bulkheadengineering/textures/block/trapdoor_steel.png
A	src/main/resources/assets/bulkheadengineering/textures/item/door_bunker.png
A	src/main/resources/assets/bulkheadengineering/textures/item/door_office.png
A	src/main/resources/assets/bulkheadengineering/textures/item/metal_door.png
A	src/main/resources/assets/bulkheadengineering/textures/mtr/block/black.png
A	src/main/resources/assets/bulkheadengineering/textures/mtr/block/escalator.png
A	src/main/resources/assets/bulkheadengineering/textures/mtr/block/escalator_down.png
A	src/main/resources/assets/bulkheadengineering/textures/mtr/block/escalator_down.png.mcmeta
A	src/main/resources/assets/bulkheadengineering/textures/mtr/block/escalator_stop.png
A	src/main/resources/assets/bulkheadengineering/textures/mtr/block/escalator_up.png
A	src/main/resources/assets/bulkheadengineering/textures/mtr/block/escalator_up.png.mcmeta
A	src/main/resources/assets/bulkheadengineering/textures/mtr/block/lift_door_bottom_left_1.png
A	src/main/resources/assets/bulkheadengineering/textures/mtr/block/lift_door_bottom_right_1.png
A	src/main/resources/assets/bulkheadengineering/textures/mtr/block/lift_door_top_left_1.png
A	src/main/resources/assets/bulkheadengineering/textures/mtr/block/lift_door_top_right_1.png
A	src/main/resources/assets/bulkheadengineering/textures/mtr/block/metal.png
A	src/main/resources/assets/bulkheadengineering/textures/mtr/block/sign/circle.png
A	src/main/resources/assets/bulkheadengineering/textures/mtr/item/escalator.png
A	src/main/resources/assets/bulkheadengineering/textures/mtr/item/lift_buttons_1.png
A	src/main/resources/assets/bulkheadengineering/textures/mtr/item/lift_buttons_link.png
A	src/main/resources/assets/bulkheadengineering/textures/mtr/item/lift_door_even_1.png
A	src/main/resources/assets/bulkheadengineering/textures/mtr/item/lift_door_odd_1.png
A	src/main/resources/assets/bulkheadengineering/textures/mtr/item/lift_panel_even_1.png
A	src/main/resources/assets/bulkheadengineering/textures/mtr/item/lift_panel_even_2.png
A	src/main/resources/assets/bulkheadengineering/textures/mtr/item/lift_panel_odd_1.png
A	src/main/resources/assets/bulkheadengineering/textures/mtr/item/lift_panel_odd_2.png
A	src/main/resources/assets/bulkheadengineering/textures/mtr/item/lift_refresher.png
A	src/main/resources/assets/bulkheadengineering/textures/mtr/item/rail_action_selected.png
A	src/main/resources/assets/bulkheadengineering/textures/mtr/item/rail_action_selected.png.mcmeta
A	src/main/resources/assets/bulkheadengineering/textures/mtr/item/rail_remover.png
A	src/main/resources/assets/bulkheadengineering/textures/mtr/item/rail_remover_selected.png
A	src/main/resources/assets/bulkheadengineering/textures/mtr/item/rail_remover_selected.png.mcmeta
A	src/main/resources/assets/bulkheadengineering/textures/mtr/vehicle/lift_1.png
D	src/main/resources/assets/hbm_doors/blockstates/blast_door.json
D	src/main/resources/assets/hbm_doors/blockstates/cargo_door.json
D	src/main/resources/assets/hbm_doors/blockstates/door_bunker.json
D	src/main/resources/assets/hbm_doors/blockstates/door_office.json
D	src/main/resources/assets/hbm_doors/blockstates/door_part.json
D	src/main/resources/assets/hbm_doors/blockstates/escalator_side.json
D	src/main/resources/assets/hbm_doors/blockstates/escalator_step.json
D	src/main/resources/assets/hbm_doors/blockstates/fire_door.json
D	src/main/resources/assets/hbm_doors/blockstates/fusion_hatch.json
D	src/main/resources/assets/hbm_doors/blockstates/large_vehicle_door.json
D	src/main/resources/assets/hbm_doors/blockstates/lift_buttons_1.json
D	src/main/resources/assets/hbm_doors/blockstates/lift_door_1.json
D	src/main/resources/assets/hbm_doors/blockstates/lift_door_odd_1.json
D	src/main/resources/assets/hbm_doors/blockstates/lift_panel_even_1.json
D	src/main/resources/assets/hbm_doors/blockstates/lift_panel_even_2.json
D	src/main/resources/assets/hbm_doors/blockstates/lift_panel_odd_1.json
D	src/main/resources/assets/hbm_doors/blockstates/lift_panel_odd_2.json
D	src/main/resources/assets/hbm_doors/blockstates/lift_track_1.json
D	src/main/resources/assets/hbm_doors/blockstates/lift_track_diagonal_1.json
D	src/main/resources/assets/hbm_doors/blockstates/lift_track_floor_1.json
D	src/main/resources/assets/hbm_doors/blockstates/lift_track_horizontal_1.json
D	src/main/resources/assets/hbm_doors/blockstates/metal_door.json
D	src/main/resources/assets/hbm_doors/blockstates/modular_blast_door.json
D	src/main/resources/assets/hbm_doors/blockstates/qe_containment_door.json
D	src/main/resources/assets/hbm_doors/blockstates/qe_sliding_door.json
D	src/main/resources/assets/hbm_doors/blockstates/round_airlock_door.json
D	src/main/resources/assets/hbm_doors/blockstates/seal_hatch.json
D	src/main/resources/assets/hbm_doors/blockstates/secure_access_door.json
D	src/main/resources/assets/hbm_doors/blockstates/silo_hatch.json
D	src/main/resources/assets/hbm_doors/blockstates/silo_hatch_large.json
D	src/main/resources/assets/hbm_doors/blockstates/sliding_blast_door.json
D	src/main/resources/assets/hbm_doors/blockstates/sliding_seal_door.json
D	src/main/resources/assets/hbm_doors/blockstates/trapdoor_steel.json
D	src/main/resources/assets/hbm_doors/blockstates/vault_door.json
D	src/main/resources/assets/hbm_doors/blockstates/water_door.json
D	src/main/resources/assets/hbm_doors/lang/af_za.json
D	src/main/resources/assets/hbm_doors/lang/ar_sa.json
D	src/main/resources/assets/hbm_doors/lang/az_az.json
D	src/main/resources/assets/hbm_doors/lang/ba_ru.json
D	src/main/resources/assets/hbm_doors/lang/be_by.json
D	src/main/resources/assets/hbm_doors/lang/bg_bg.json
D	src/main/resources/assets/hbm_doors/lang/bs_ba.json
D	src/main/resources/assets/hbm_doors/lang/cs_cz.json
D	src/main/resources/assets/hbm_doors/lang/cy_gb.json
D	src/main/resources/assets/hbm_doors/lang/da_dk.json
D	src/main/resources/assets/hbm_doors/lang/de_at.json
D	src/main/resources/assets/hbm_doors/lang/de_ch.json
D	src/main/resources/assets/hbm_doors/lang/de_de.json
D	src/main/resources/assets/hbm_doors/lang/el_gr.json
D	src/main/resources/assets/hbm_doors/lang/en_gb.json
D	src/main/resources/assets/hbm_doors/lang/en_pt.json
D	src/main/resources/assets/hbm_doors/lang/en_us.json
D	src/main/resources/assets/hbm_doors/lang/eo_uy.json
D	src/main/resources/assets/hbm_doors/lang/es_ar.json
D	src/main/resources/assets/hbm_doors/lang/es_cl.json
D	src/main/resources/assets/hbm_doors/lang/es_ec.json
D	src/main/resources/assets/hbm_doors/lang/es_es.json
D	src/main/resources/assets/hbm_doors/lang/es_mx.json
D	src/main/resources/assets/hbm_doors/lang/es_uy.json
D	src/main/resources/assets/hbm_doors/lang/es_ve.json
D	src/main/resources/assets/hbm_doors/lang/et_ee.json
D	src/main/resources/assets/hbm_doors/lang/fa_ir.json
D	src/main/resources/assets/hbm_doors/lang/fi_fi.json
D	src/main/resources/assets/hbm_doors/lang/fil_ph.json
D	src/main/resources/assets/hbm_doors/lang/fo_fo.json
D	src/main/resources/assets/hbm_doors/lang/fr_ca.json
D	src/main/resources/assets/hbm_doors/lang/fr_fr.json
D	src/main/resources/assets/hbm_doors/lang/fra_de.json
D	src/main/resources/assets/hbm_doors/lang/fur_it.json
D	src/main/resources/assets/hbm_doors/lang/fy_nl.json
D	src/main/resources/assets/hbm_doors/lang/ga_ie.json
D	src/main/resources/assets/hbm_doors/lang/gd_gb.json
D	src/main/resources/assets/hbm_doors/lang/haw_us.json
D	src/main/resources/assets/hbm_doors/lang/he_il.json
D	src/main/resources/assets/hbm_doors/lang/hi_in.json
D	src/main/resources/assets/hbm_doors/lang/hr_hr.json
D	src/main/resources/assets/hbm_doors/lang/hu_hu.json
D	src/main/resources/assets/hbm_doors/lang/hy_am.json
D	src/main/resources/assets/hbm_doors/lang/id_id.json
D	src/main/resources/assets/hbm_doors/lang/ig_ng.json
D	src/main/resources/assets/hbm_doors/lang/is_is.json
D	src/main/resources/assets/hbm_doors/lang/it_it.json
D	src/main/resources/assets/hbm_doors/lang/ja_jp.json
D	src/main/resources/assets/hbm_doors/lang/jbo_en.json
D	src/main/resources/assets/hbm_doors/lang/ka_ge.json
D	src/main/resources/assets/hbm_doors/lang/kk_kz.json
D	src/main/resources/assets/hbm_doors/lang/ko_kr.json
D	src/main/resources/assets/hbm_doors/lang/la_la.json
D	src/main/resources/assets/hbm_doors/lang/lb_lu.json
D	src/main/resources/assets/hbm_doors/lang/li_li.json
D	src/main/resources/assets/hbm_doors/lang/lo_la.json
D	src/main/resources/assets/hbm_doors/lang/lol_us.json
D	src/main/resources/assets/hbm_doors/lang/lt_lt.json
D	src/main/resources/assets/hbm_doors/lang/lv_lv.json
D	src/main/resources/assets/hbm_doors/lang/mk_mk.json
D	src/main/resources/assets/hbm_doors/lang/mn_mn.json
D	src/main/resources/assets/hbm_doors/lang/ms_my.json
D	src/main/resources/assets/hbm_doors/lang/mt_mt.json
D	src/main/resources/assets/hbm_doors/lang/nb_no.json
D	src/main/resources/assets/hbm_doors/lang/nds_de.json
D	src/main/resources/assets/hbm_doors/lang/nl_nl.json
D	src/main/resources/assets/hbm_doors/lang/nn_no.json
D	src/main/resources/assets/hbm_doors/lang/oc_fr.json
D	src/main/resources/assets/hbm_doors/lang/pl_pl.json
D	src/main/resources/assets/hbm_doors/lang/pt_br.json
D	src/main/resources/assets/hbm_doors/lang/pt_pt.json
D	src/main/resources/assets/hbm_doors/lang/qya_aa.json
D	src/main/resources/assets/hbm_doors/lang/ro_ro.json
D	src/main/resources/assets/hbm_doors/lang/ry_ua.json
D	src/main/resources/assets/hbm_doors/lang/se_no.json
D	src/main/resources/assets/hbm_doors/lang/sk_sk.json
D	src/main/resources/assets/hbm_doors/lang/sl_si.json
D	src/main/resources/assets/hbm_doors/lang/so_so.json
D	src/main/resources/assets/hbm_doors/lang/sq_al.json
D	src/main/resources/assets/hbm_doors/lang/sr_cs.json
D	src/main/resources/assets/hbm_doors/lang/sr_sp.json
D	src/main/resources/assets/hbm_doors/lang/sv_se.json
D	src/main/resources/assets/hbm_doors/lang/ta_in.json
D	src/main/resources/assets/hbm_doors/lang/th_th.json
D	src/main/resources/assets/hbm_doors/lang/tl_ph.json
D	src/main/resources/assets/hbm_doors/lang/tlh_aa.json
D	src/main/resources/assets/hbm_doors/lang/tr_tr.json
D	src/main/resources/assets/hbm_doors/lang/tt_ru.json
D	src/main/resources/assets/hbm_doors/lang/uk_ua.json
D	src/main/resources/assets/hbm_doors/lang/val_es.json
D	src/main/resources/assets/hbm_doors/lang/vec_it.json
D	src/main/resources/assets/hbm_doors/lang/vi_vn.json
D	src/main/resources/assets/hbm_doors/lang/vls_be.json
D	src/main/resources/assets/hbm_doors/lang/yi_de.json
D	src/main/resources/assets/hbm_doors/lang/yo_ng.json
D	src/main/resources/assets/hbm_doors/lang/zh_cn.json
D	src/main/resources/assets/hbm_doors/lang/zh_tw.json
D	src/main/resources/assets/hbm_doors/models/block/blast_door.json
D	src/main/resources/assets/hbm_doors/models/block/door_bunker_bottom_left.json
D	src/main/resources/assets/hbm_doors/models/block/door_bunker_bottom_left_open.json
D	src/main/resources/assets/hbm_doors/models/block/door_bunker_bottom_right.json
D	src/main/resources/assets/hbm_doors/models/block/door_bunker_bottom_right_open.json
D	src/main/resources/assets/hbm_doors/models/block/door_bunker_top_left.json
D	src/main/resources/assets/hbm_doors/models/block/door_bunker_top_left_open.json
D	src/main/resources/assets/hbm_doors/models/block/door_bunker_top_right.json
D	src/main/resources/assets/hbm_doors/models/block/door_bunker_top_right_open.json
D	src/main/resources/assets/hbm_doors/models/block/door_office_bottom_left.json
D	src/main/resources/assets/hbm_doors/models/block/door_office_bottom_left_open.json
D	src/main/resources/assets/hbm_doors/models/block/door_office_bottom_right.json
D	src/main/resources/assets/hbm_doors/models/block/door_office_bottom_right_open.json
D	src/main/resources/assets/hbm_doors/models/block/door_office_top_left.json
D	src/main/resources/assets/hbm_doors/models/block/door_office_top_left_open.json
D	src/main/resources/assets/hbm_doors/models/block/door_office_top_right.json
D	src/main/resources/assets/hbm_doors/models/block/door_office_top_right_open.json
D	src/main/resources/assets/hbm_doors/models/block/doors/cargo_door.json
D	src/main/resources/assets/hbm_doors/models/block/doors/cargo_door.mtl
D	src/main/resources/assets/hbm_doors/models/block/doors/cargo_door.obj
D	src/main/resources/assets/hbm_doors/models/block/doors/fire_door.json
D	src/main/resources/assets/hbm_doors/models/block/doors/fire_door.mtl
D	src/main/resources/assets/hbm_doors/models/block/doors/fire_door.obj
D	src/main/resources/assets/hbm_doors/models/block/doors/fire_door_config.json
D	src/main/resources/assets/hbm_doors/models/block/doors/fire_door_legacy.json
D	src/main/resources/assets/hbm_doors/models/block/doors/fire_door_modern.json
D	src/main/resources/assets/hbm_doors/models/block/doors/fire_door_modern_black.json
D	src/main/resources/assets/hbm_doors/models/block/doors/fire_door_modern_orange.json
D	src/main/resources/assets/hbm_doors/models/block/doors/fire_door_modern_trefoil.json
D	src/main/resources/assets/hbm_doors/models/block/doors/fire_door_modern_yellow.json
D	src/main/resources/assets/hbm_doors/models/block/doors/fire_door_old.obj
D	src/main/resources/assets/hbm_doors/models/block/doors/large_vehicle_door.json
D	src/main/resources/assets/hbm_doors/models/block/doors/large_vehicle_door.mtl
D	src/main/resources/assets/hbm_doors/models/block/doors/large_vehicle_door.obj
D	src/main/resources/assets/hbm_doors/models/block/doors/large_vehicle_door_clean.obj
D	src/main/resources/assets/hbm_doors/models/block/doors/large_vehicle_door_config.json
D	src/main/resources/assets/hbm_doors/models/block/doors/large_vehicle_door_legacy.json
D	src/main/resources/assets/hbm_doors/models/block/doors/large_vehicle_door_modern.json
D	src/main/resources/assets/hbm_doors/models/block/doors/large_vehicle_door_modern_clean.json
D	src/main/resources/assets/hbm_doors/models/block/doors/large_vehicle_door_modern_rad.json
D	src/main/resources/assets/hbm_doors/models/block/doors/large_vehicle_door_old.obj
D	src/main/resources/assets/hbm_doors/models/block/doors/modular_blast_door.json
D	src/main/resources/assets/hbm_doors/models/block/doors/modular_blast_door.obj
D	src/main/resources/assets/hbm_doors/models/block/doors/qe_containment_door.json
D	src/main/resources/assets/hbm_doors/models/block/doors/qe_containment_door.mtl
D	src/main/resources/assets/hbm_doors/models/block/doors/qe_containment_door.obj
D	src/main/resources/assets/hbm_doors/models/block/doors/qe_containment_door_config.json
D	src/main/resources/assets/hbm_doors/models/block/doors/qe_containment_door_legacy.json
D	src/main/resources/assets/hbm_doors/models/block/doors/qe_containment_door_modern.json
D	src/main/resources/assets/hbm_doors/models/block/doors/qe_containment_door_modern_trefoil.json
D	src/main/resources/assets/hbm_doors/models/block/doors/qe_containment_door_modern_trefoil_yellow.json
D	src/main/resources/assets/hbm_doors/models/block/doors/qe_containment_door_old.obj
D	src/main/resources/assets/hbm_doors/models/block/doors/qe_sliding_door.json
D	src/main/resources/assets/hbm_doors/models/block/doors/qe_sliding_door.mtl
D	src/main/resources/assets/hbm_doors/models/block/doors/qe_sliding_door.obj
D	src/main/resources/assets/hbm_doors/models/block/doors/qe_sliding_door_config.json
D	src/main/resources/assets/hbm_doors/models/block/doors/qe_sliding_door_legacy.json
D	src/main/resources/assets/hbm_doors/models/block/doors/qe_sliding_door_modern.json
D	src/main/resources/assets/hbm_doors/models/block/doors/qe_sliding_door_old.obj
D	src/main/resources/assets/hbm_doors/models/block/doors/round_airlock_door.json
D	src/main/resources/assets/hbm_doors/models/block/doors/round_airlock_door.mtl
D	src/main/resources/assets/hbm_doors/models/block/doors/round_airlock_door.obj
D	src/main/resources/assets/hbm_doors/models/block/doors/round_airlock_door_config.json
D	src/main/resources/assets/hbm_doors/models/block/doors/round_airlock_door_legacy.json
D	src/main/resources/assets/hbm_doors/models/block/doors/round_airlock_door_modern.json
D	src/main/resources/assets/hbm_doors/models/block/doors/round_airlock_door_modern_clean.json
D	src/main/resources/assets/hbm_doors/models/block/doors/round_airlock_door_modern_green.json
D	src/main/resources/assets/hbm_doors/models/block/doors/round_airlock_door_old.obj
D	src/main/resources/assets/hbm_doors/models/block/doors/secure_access_door.json
D	src/main/resources/assets/hbm_doors/models/block/doors/secure_access_door.mtl
D	src/main/resources/assets/hbm_doors/models/block/doors/secure_access_door.obj
D	src/main/resources/assets/hbm_doors/models/block/doors/secure_access_door_config.json
D	src/main/resources/assets/hbm_doors/models/block/doors/secure_access_door_legacy.json
D	src/main/resources/assets/hbm_doors/models/block/doors/secure_access_door_modern.json
D	src/main/resources/assets/hbm_doors/models/block/doors/secure_access_door_modern_black.json
D	src/main/resources/assets/hbm_doors/models/block/doors/secure_access_door_modern_gray.json
D	src/main/resources/assets/hbm_doors/models/block/doors/secure_access_door_modern_yellow.json
D	src/main/resources/assets/hbm_doors/models/block/doors/secure_access_door_old.obj
D	src/main/resources/assets/hbm_doors/models/block/doors/silo_hatch.json
D	src/main/resources/assets/hbm_doors/models/block/doors/silo_hatch.mtl
D	src/main/resources/assets/hbm_doors/models/block/doors/silo_hatch.obj
D	src/main/resources/assets/hbm_doors/models/block/doors/silo_hatch_large.json
D	src/main/resources/assets/hbm_doors/models/block/doors/silo_hatch_large.mtl
D	src/main/resources/assets/hbm_doors/models/block/doors/silo_hatch_large.obj
D	src/main/resources/assets/hbm_doors/models/block/doors/sliding_blast_door.dae
D	src/main/resources/assets/hbm_doors/models/block/doors/sliding_blast_door.json
D	src/main/resources/assets/hbm_doors/models/block/doors/sliding_blast_door.mtl
D	src/main/resources/assets/hbm_doors/models/block/doors/sliding_blast_door.obj
D	src/main/resources/assets/hbm_doors/models/block/doors/sliding_blast_door_config.json
D	src/main/resources/assets/hbm_doors/models/block/doors/sliding_blast_door_legacy.json
D	src/main/resources/assets/hbm_doors/models/block/doors/sliding_blast_door_modern.json
D	src/main/resources/assets/hbm_doors/models/block/doors/sliding_blast_door_modern_variant1.json
D	src/main/resources/assets/hbm_doors/models/block/doors/sliding_blast_door_modern_variant2.json
D	src/main/resources/assets/hbm_doors/models/block/doors/sliding_seal_door.json
D	src/main/resources/assets/hbm_doors/models/block/doors/sliding_seal_door.mtl
D	src/main/resources/assets/hbm_doors/models/block/doors/sliding_seal_door.obj
D	src/main/resources/assets/hbm_doors/models/block/doors/sliding_seal_door_config.json
D	src/main/resources/assets/hbm_doors/models/block/doors/sliding_seal_door_legacy.json
D	src/main/resources/assets/hbm_doors/models/block/doors/sliding_seal_door_modern.json
D	src/main/resources/assets/hbm_doors/models/block/doors/sliding_seal_door_old.obj
D	src/main/resources/assets/hbm_doors/models/block/doors/transition_seal.dae
D	src/main/resources/assets/hbm_doors/models/block/doors/transition_seal.json
D	src/main/resources/assets/hbm_doors/models/block/doors/vault_door.json
D	src/main/resources/assets/hbm_doors/models/block/doors/vault_door.mtl
D	src/main/resources/assets/hbm_doors/models/block/doors/vault_door.obj
D	src/main/resources/assets/hbm_doors/models/block/doors/vault_door_config.json
D	src/main/resources/assets/hbm_doors/models/block/doors/vault_door_skin_101.json
D	src/main/resources/assets/hbm_doors/models/block/doors/vault_door_skin_106.json
D	src/main/resources/assets/hbm_doors/models/block/doors/vault_door_skin_111.json
D	src/main/resources/assets/hbm_doors/models/block/doors/vault_door_skin_2.json
D	src/main/resources/assets/hbm_doors/models/block/doors/vault_door_skin_81.json
D	src/main/resources/assets/hbm_doors/models/block/doors/vault_door_skin_87.json
D	src/main/resources/assets/hbm_doors/models/block/doors/vault_door_skin_99.json
D	src/main/resources/assets/hbm_doors/models/block/doors/water_door.json
D	src/main/resources/assets/hbm_doors/models/block/doors/water_door.mtl
D	src/main/resources/assets/hbm_doors/models/block/doors/water_door.obj
D	src/main/resources/assets/hbm_doors/models/block/doors/water_door_clean.json
D	src/main/resources/assets/hbm_doors/models/block/doors/water_door_config.json
D	src/main/resources/assets/hbm_doors/models/block/doors/water_door_legacy.json
D	src/main/resources/assets/hbm_doors/models/block/doors/water_door_modern.json
D	src/main/resources/assets/hbm_doors/models/block/doors/water_door_old.obj
D	src/main/resources/assets/hbm_doors/models/block/fusion_hatch.json
D	src/main/resources/assets/hbm_doors/models/block/fusion_hatch_bottom.json
D	src/main/resources/assets/hbm_doors/models/block/fusion_hatch_open.json
D	src/main/resources/assets/hbm_doors/models/block/fusion_hatch_top.json
D	src/main/resources/assets/hbm_doors/models/block/metal_door_bottom_left.json
D	src/main/resources/assets/hbm_doors/models/block/metal_door_bottom_left_open.json
D	src/main/resources/assets/hbm_doors/models/block/metal_door_bottom_right.json
D	src/main/resources/assets/hbm_doors/models/block/metal_door_bottom_right_open.json
D	src/main/resources/assets/hbm_doors/models/block/metal_door_top_left.json
D	src/main/resources/assets/hbm_doors/models/block/metal_door_top_left_open.json
D	src/main/resources/assets/hbm_doors/models/block/metal_door_top_right.json
D	src/main/resources/assets/hbm_doors/models/block/metal_door_top_right_open.json
D	src/main/resources/assets/hbm_doors/models/block/seal_hatch.json
D	src/main/resources/assets/hbm_doors/models/block/seal_hatch_bottom.json
D	src/main/resources/assets/hbm_doors/models/block/seal_hatch_open.json
D	src/main/resources/assets/hbm_doors/models/block/seal_hatch_top.json
D	src/main/resources/assets/hbm_doors/models/block/trapdoor_steel.json
D	src/main/resources/assets/hbm_doors/models/block/trapdoor_steel_bottom.json
D	src/main/resources/assets/hbm_doors/models/block/trapdoor_steel_open.json
D	src/main/resources/assets/hbm_doors/models/block/trapdoor_steel_top.json
D	src/main/resources/assets/hbm_doors/models/item/blast_door.json
D	src/main/resources/assets/hbm_doors/models/item/cargo_door.json
D	src/main/resources/assets/hbm_doors/models/item/door_bunker.json
D	src/main/resources/assets/hbm_doors/models/item/door_office.json
D	src/main/resources/assets/hbm_doors/models/item/escalator.json
D	src/main/resources/assets/hbm_doors/models/item/fire_door.json
D	src/main/resources/assets/hbm_doors/models/item/fusion_hatch.json
D	src/main/resources/assets/hbm_doors/models/item/large_vehicle_door.json
D	src/main/resources/assets/hbm_doors/models/item/lift_buttons_1.json
D	src/main/resources/assets/hbm_doors/models/item/lift_buttons_link_connector.json
D	src/main/resources/assets/hbm_doors/models/item/lift_buttons_link_connector_selected.json
D	src/main/resources/assets/hbm_doors/models/item/lift_buttons_link_remover.json
D	src/main/resources/assets/hbm_doors/models/item/lift_buttons_link_remover_selected.json
D	src/main/resources/assets/hbm_doors/models/item/lift_door_1.json
D	src/main/resources/assets/hbm_doors/models/item/lift_door_odd_1.json
D	src/main/resources/assets/hbm_doors/models/item/lift_panel_even_1.json
D	src/main/resources/assets/hbm_doors/models/item/lift_panel_even_2.json
D	src/main/resources/assets/hbm_doors/models/item/lift_panel_odd_1.json
D	src/main/resources/assets/hbm_doors/models/item/lift_panel_odd_2.json
D	src/main/resources/assets/hbm_doors/models/item/lift_refresher.json
D	src/main/resources/assets/hbm_doors/models/item/lift_track_1.json
D	src/main/resources/assets/hbm_doors/models/item/lift_track_diagonal_1.json
D	src/main/resources/assets/hbm_doors/models/item/lift_track_floor_1.json
D	src/main/resources/assets/hbm_doors/models/item/lift_track_horizontal_1.json
D	src/main/resources/assets/hbm_doors/models/item/lift_wrench.json
D	src/main/resources/assets/hbm_doors/models/item/metal_door.json
D	src/main/resources/assets/hbm_doors/models/item/modular_blast_door.json
D	src/main/resources/assets/hbm_doors/models/item/qe_containment_door.json
D	src/main/resources/assets/hbm_doors/models/item/qe_sliding_door.json
D	src/main/resources/assets/hbm_doors/models/item/round_airlock_door.json
D	src/main/resources/assets/hbm_doors/models/item/seal_hatch.json
D	src/main/resources/assets/hbm_doors/models/item/secure_access_door.json
D	src/main/resources/assets/hbm_doors/models/item/silo_hatch.json
D	src/main/resources/assets/hbm_doors/models/item/silo_hatch_large.json
D	src/main/resources/assets/hbm_doors/models/item/sliding_blast_door.json
D	src/main/resources/assets/hbm_doors/models/item/sliding_seal_door.json
D	src/main/resources/assets/hbm_doors/models/item/trapdoor_steel.json
D	src/main/resources/assets/hbm_doors/models/item/vault_door.json
D	src/main/resources/assets/hbm_doors/models/item/water_door.json
D	src/main/resources/assets/hbm_doors/models/mtr/block/escalator_side_flat.json
D	src/main/resources/assets/hbm_doors/models/mtr/block/escalator_side_landing_left.json
D	src/main/resources/assets/hbm_doors/models/mtr/block/escalator_side_landing_right.json
D	src/main/resources/assets/hbm_doors/models/mtr/block/escalator_side_slope_left.json
D	src/main/resources/assets/hbm_doors/models/mtr/block/escalator_side_slope_right.json
D	src/main/resources/assets/hbm_doors/models/mtr/block/escalator_side_transition_bottom_left.json
D	src/main/resources/assets/hbm_doors/models/mtr/block/escalator_side_transition_bottom_right.json
D	src/main/resources/assets/hbm_doors/models/mtr/block/escalator_side_transition_top_left.json
D	src/main/resources/assets/hbm_doors/models/mtr/block/escalator_side_transition_top_right.json
D	src/main/resources/assets/hbm_doors/models/mtr/block/escalator_step_flat_left_base.json
D	src/main/resources/assets/hbm_doors/models/mtr/block/escalator_step_flat_left_down.json
D	src/main/resources/assets/hbm_doors/models/mtr/block/escalator_step_flat_left_stop.json
D	src/main/resources/assets/hbm_doors/models/mtr/block/escalator_step_flat_left_up.json
D	src/main/resources/assets/hbm_doors/models/mtr/block/escalator_step_flat_right_base.json
D	src/main/resources/assets/hbm_doors/models/mtr/block/escalator_step_flat_right_down.json
D	src/main/resources/assets/hbm_doors/models/mtr/block/escalator_step_flat_right_stop.json
D	src/main/resources/assets/hbm_doors/models/mtr/block/escalator_step_flat_right_up.json
D	src/main/resources/assets/hbm_doors/models/mtr/block/escalator_step_landing.json
D	src/main/resources/assets/hbm_doors/models/mtr/block/escalator_step_slope_left_base.json
D	src/main/resources/assets/hbm_doors/models/mtr/block/escalator_step_slope_left_down.json
D	src/main/resources/assets/hbm_doors/models/mtr/block/escalator_step_slope_left_stop.json
D	src/main/resources/assets/hbm_doors/models/mtr/block/escalator_step_slope_left_up.json
D	src/main/resources/assets/hbm_doors/models/mtr/block/escalator_step_slope_right_base.json
D	src/main/resources/assets/hbm_doors/models/mtr/block/escalator_step_slope_right_down.json
D	src/main/resources/assets/hbm_doors/models/mtr/block/escalator_step_slope_right_stop.json
D	src/main/resources/assets/hbm_doors/models/mtr/block/escalator_step_slope_right_up.json
D	src/main/resources/assets/hbm_doors/models/mtr/block/escalator_step_transition_bottom_left_base.json
D	src/main/resources/assets/hbm_doors/models/mtr/block/escalator_step_transition_bottom_left_down.json
D	src/main/resources/assets/hbm_doors/models/mtr/block/escalator_step_transition_bottom_left_stop.json
D	src/main/resources/assets/hbm_doors/models/mtr/block/escalator_step_transition_bottom_left_up.json
D	src/main/resources/assets/hbm_doors/models/mtr/block/escalator_step_transition_bottom_right_base.json
D	src/main/resources/assets/hbm_doors/models/mtr/block/escalator_step_transition_bottom_right_down.json
D	src/main/resources/assets/hbm_doors/models/mtr/block/escalator_step_transition_bottom_right_stop.json
D	src/main/resources/assets/hbm_doors/models/mtr/block/escalator_step_transition_bottom_right_up.json
D	src/main/resources/assets/hbm_doors/models/mtr/block/lift_buttons_1.json
D	src/main/resources/assets/hbm_doors/models/mtr/block/lift_door_edge_left.json
D	src/main/resources/assets/hbm_doors/models/mtr/block/lift_door_edge_left_odd.json
D	src/main/resources/assets/hbm_doors/models/mtr/block/lift_door_edge_right.json
D	src/main/resources/assets/hbm_doors/models/mtr/block/lift_door_edge_right_odd.json
D	src/main/resources/assets/hbm_doors/models/mtr/block/lift_panel_even_1_left.json
D	src/main/resources/assets/hbm_doors/models/mtr/block/lift_panel_even_1_right.json
D	src/main/resources/assets/hbm_doors/models/mtr/block/lift_panel_even_2_left.json
D	src/main/resources/assets/hbm_doors/models/mtr/block/lift_panel_even_2_right.json
D	src/main/resources/assets/hbm_doors/models/mtr/block/lift_panel_odd_1_left.json
D	src/main/resources/assets/hbm_doors/models/mtr/block/lift_panel_odd_1_middle.json
D	src/main/resources/assets/hbm_doors/models/mtr/block/lift_panel_odd_1_right.json
D	src/main/resources/assets/hbm_doors/models/mtr/block/lift_panel_odd_2_left.json
D	src/main/resources/assets/hbm_doors/models/mtr/block/lift_panel_odd_2_middle.json
D	src/main/resources/assets/hbm_doors/models/mtr/block/lift_panel_odd_2_right.json
D	src/main/resources/assets/hbm_doors/models/mtr/block/lift_track_diagonal_bottom_1.json
D	src/main/resources/assets/hbm_doors/models/mtr/block/lift_track_diagonal_left_1.json
D	src/main/resources/assets/hbm_doors/models/mtr/block/lift_track_diagonal_right_1.json
D	src/main/resources/assets/hbm_doors/models/mtr/block/lift_track_diagonal_top_1.json
D	src/main/resources/assets/hbm_doors/models/mtr/block/lift_track_floor_1.json
D	src/main/resources/assets/hbm_doors/models/mtr/block/lift_track_horizontal_1.json
D	src/main/resources/assets/hbm_doors/models/mtr/block/lift_track_vertical_1.json
D	src/main/resources/assets/hbm_doors/models/mtr/item/lift_buttons_link_connector_selected.json
D	src/main/resources/assets/hbm_doors/models/mtr/item/lift_buttons_link_remover_selected.json
D	src/main/resources/assets/hbm_doors/sounds.json
D	src/main/resources/assets/hbm_doors/sounds/block/door/alarm_6.ogg
D	src/main/resources/assets/hbm_doors/sounds/block/door/door_move_2.ogg
D	src/main/resources/assets/hbm_doors/sounds/block/door/door_wgh_big_start.ogg
D	src/main/resources/assets/hbm_doors/sounds/block/door/door_wgh_big_stop.ogg
D	src/main/resources/assets/hbm_doors/sounds/block/door/garage_move.ogg
D	src/main/resources/assets/hbm_doors/sounds/block/door/garage_stop.ogg
D	src/main/resources/assets/hbm_doors/sounds/block/door/lever_1.ogg
D	src/main/resources/assets/hbm_doors/sounds/block/door/metal_stop_1.ogg
D	src/main/resources/assets/hbm_doors/sounds/block/door/sliding_door_opened.ogg
D	src/main/resources/assets/hbm_doors/sounds/block/door/sliding_door_opening.ogg
D	src/main/resources/assets/hbm_doors/sounds/block/door/sliding_door_shut.ogg
D	src/main/resources/assets/hbm_doors/sounds/block/door/vault_scrape.ogg
D	src/main/resources/assets/hbm_doors/sounds/block/door/vault_thud.ogg
D	src/main/resources/assets/hbm_doors/sounds/block/door/wgh_start.ogg
D	src/main/resources/assets/hbm_doors/sounds/block/door/wgh_stop.ogg
D	src/main/resources/assets/hbm_doors/sounds/block/reactorstart.ogg
D	src/main/resources/assets/hbm_doors/sounds/block/reactorstop.ogg
D	src/main/resources/assets/hbm_doors/textures/block/blast_door.png
D	src/main/resources/assets/hbm_doors/textures/block/door_bunker_bottom.png
D	src/main/resources/assets/hbm_doors/textures/block/door_bunker_top.png
D	src/main/resources/assets/hbm_doors/textures/block/door_office_bottom.png
D	src/main/resources/assets/hbm_doors/textures/block/door_office_top.png
D	src/main/resources/assets/hbm_doors/textures/block/doors/blast_door_base.png
D	src/main/resources/assets/hbm_doors/textures/block/doors/blast_door_block.png
D	src/main/resources/assets/hbm_doors/textures/block/doors/blast_door_slider.png
D	src/main/resources/assets/hbm_doors/textures/block/doors/blast_door_tooth.png
D	src/main/resources/assets/hbm_doors/textures/block/doors/blast_door_tooth_alt.png
D	src/main/resources/assets/hbm_doors/textures/block/doors/blast_door_tooth_alt_alt.png
D	src/main/resources/assets/hbm_doors/textures/block/doors/cargo_door.png
D	src/main/resources/assets/hbm_doors/textures/block/doors/fire_door.png
D	src/main/resources/assets/hbm_doors/textures/block/doors/fire_door_black.png
D	src/main/resources/assets/hbm_doors/textures/block/doors/fire_door_old.png
D	src/main/resources/assets/hbm_doors/textures/block/doors/fire_door_orange.png
D	src/main/resources/assets/hbm_doors/textures/block/doors/fire_door_trefoil.png
D	src/main/resources/assets/hbm_doors/textures/block/doors/fire_door_yellow.png
D	src/main/resources/assets/hbm_doors/textures/block/doors/label_101.png
D	src/main/resources/assets/hbm_doors/textures/block/doors/label_106.png
D	src/main/resources/assets/hbm_doors/textures/block/doors/label_111.png
D	src/main/resources/assets/hbm_doors/textures/block/doors/label_2.png
D	src/main/resources/assets/hbm_doors/textures/block/doors/label_81.png
D	src/main/resources/assets/hbm_doors/textures/block/doors/label_87.png
D	src/main/resources/assets/hbm_doors/textures/block/doors/label_99.png
D	src/main/resources/assets/hbm_doors/textures/block/doors/large_vehicle_door.png
D	src/main/resources/assets/hbm_doors/textures/block/doors/large_vehicle_door_clean.png
D	src/main/resources/assets/hbm_doors/textures/block/doors/large_vehicle_door_old.png
D	src/main/resources/assets/hbm_doors/textures/block/doors/large_vehicle_door_rad.png
D	src/main/resources/assets/hbm_doors/textures/block/doors/large_vehicle_door_skin_rad.png
D	src/main/resources/assets/hbm_doors/textures/block/doors/modular_blast/blast_door_base.png
D	src/main/resources/assets/hbm_doors/textures/block/doors/modular_blast/blast_door_block.png
D	src/main/resources/assets/hbm_doors/textures/block/doors/modular_blast/blast_door_slider.png
D	src/main/resources/assets/hbm_doors/textures/block/doors/modular_blast/blast_door_tooth.png
D	src/main/resources/assets/hbm_doors/textures/block/doors/qe_containment_decal.png
D	src/main/resources/assets/hbm_doors/textures/block/doors/qe_containment_door.png
D	src/main/resources/assets/hbm_doors/textures/block/doors/qe_containment_door_old.png
D	src/main/resources/assets/hbm_doors/textures/block/doors/qe_containment_door_trefoil.png
D	src/main/resources/assets/hbm_doors/textures/block/doors/qe_containment_door_trefoil_yellow.png
D	src/main/resources/assets/hbm_doors/textures/block/doors/qe_sliding_door.png
D	src/main/resources/assets/hbm_doors/textures/block/doors/qe_sliding_door_old.png
D	src/main/resources/assets/hbm_doors/textures/block/doors/round_airlock_door.png
D	src/main/resources/assets/hbm_doors/textures/block/doors/round_airlock_door_clean.png
D	src/main/resources/assets/hbm_doors/textures/block/doors/round_airlock_door_green.png
D	src/main/resources/assets/hbm_doors/textures/block/doors/round_airlock_door_old.png
D	src/main/resources/assets/hbm_doors/textures/block/doors/secure_access_door.png
D	src/main/resources/assets/hbm_doors/textures/block/doors/secure_access_door_black.png
D	src/main/resources/assets/hbm_doors/textures/block/doors/secure_access_door_gray.png
D	src/main/resources/assets/hbm_doors/textures/block/doors/secure_access_door_old.png
D	src/main/resources/assets/hbm_doors/textures/block/doors/secure_access_door_yellow.png
D	src/main/resources/assets/hbm_doors/textures/block/doors/silo_hatch.png
D	src/main/resources/assets/hbm_doors/textures/block/doors/silo_hatch_base.png
D	src/main/resources/assets/hbm_doors/textures/block/doors/silo_hatch_large.png
D	src/main/resources/assets/hbm_doors/textures/block/doors/silo_hatch_large_base.png
D	src/main/resources/assets/hbm_doors/textures/block/doors/sliding_blast_door.png
D	src/main/resources/assets/hbm_doors/textures/block/doors/sliding_blast_door_old.png
D	src/main/resources/assets/hbm_doors/textures/block/doors/sliding_blast_door_variant1_old.png
D	src/main/resources/assets/hbm_doors/textures/block/doors/sliding_blast_door_variant2_old.png
D	src/main/resources/assets/hbm_doors/textures/block/doors/sliding_seal_door.png
D	src/main/resources/assets/hbm_doors/textures/block/doors/sliding_seal_door_old.png
D	src/main/resources/assets/hbm_doors/textures/block/doors/transition_seal.png
D	src/main/resources/assets/hbm_doors/textures/block/doors/vault_door_3.png
D	src/main/resources/assets/hbm_doors/textures/block/doors/vault_door_4.png
D	src/main/resources/assets/hbm_doors/textures/block/doors/vault_door_s.png
D	src/main/resources/assets/hbm_doors/textures/block/doors/water_door.png
D	src/main/resources/assets/hbm_doors/textures/block/doors/water_door_clean.png
D	src/main/resources/assets/hbm_doors/textures/block/doors/water_door_old.png
D	src/main/resources/assets/hbm_doors/textures/block/fusion_hatch.png
D	src/main/resources/assets/hbm_doors/textures/block/metal_door_bottom.png
D	src/main/resources/assets/hbm_doors/textures/block/metal_door_top.png
D	src/main/resources/assets/hbm_doors/textures/block/seal_hatch_3.png
D	src/main/resources/assets/hbm_doors/textures/block/trapdoor_steel.png
D	src/main/resources/assets/hbm_doors/textures/item/door_bunker.png
D	src/main/resources/assets/hbm_doors/textures/item/door_office.png
D	src/main/resources/assets/hbm_doors/textures/item/metal_door.png
D	src/main/resources/assets/hbm_doors/textures/mtr/block/black.png
D	src/main/resources/assets/hbm_doors/textures/mtr/block/escalator.png
D	src/main/resources/assets/hbm_doors/textures/mtr/block/escalator_down.png
D	src/main/resources/assets/hbm_doors/textures/mtr/block/escalator_down.png.mcmeta
D	src/main/resources/assets/hbm_doors/textures/mtr/block/escalator_stop.png
D	src/main/resources/assets/hbm_doors/textures/mtr/block/escalator_up.png
D	src/main/resources/assets/hbm_doors/textures/mtr/block/escalator_up.png.mcmeta
D	src/main/resources/assets/hbm_doors/textures/mtr/block/lift_door_bottom_left_1.png
D	src/main/resources/assets/hbm_doors/textures/mtr/block/lift_door_bottom_right_1.png
D	src/main/resources/assets/hbm_doors/textures/mtr/block/lift_door_top_left_1.png
D	src/main/resources/assets/hbm_doors/textures/mtr/block/lift_door_top_right_1.png
D	src/main/resources/assets/hbm_doors/textures/mtr/block/metal.png
D	src/main/resources/assets/hbm_doors/textures/mtr/block/sign/circle.png
D	src/main/resources/assets/hbm_doors/textures/mtr/item/escalator.png
D	src/main/resources/assets/hbm_doors/textures/mtr/item/lift_buttons_1.png
D	src/main/resources/assets/hbm_doors/textures/mtr/item/lift_buttons_link.png
D	src/main/resources/assets/hbm_doors/textures/mtr/item/lift_door_even_1.png
D	src/main/resources/assets/hbm_doors/textures/mtr/item/lift_door_odd_1.png
D	src/main/resources/assets/hbm_doors/textures/mtr/item/lift_panel_even_1.png
D	src/main/resources/assets/hbm_doors/textures/mtr/item/lift_panel_even_2.png
D	src/main/resources/assets/hbm_doors/textures/mtr/item/lift_panel_odd_1.png
D	src/main/resources/assets/hbm_doors/textures/mtr/item/lift_panel_odd_2.png
D	src/main/resources/assets/hbm_doors/textures/mtr/item/lift_refresher.png
D	src/main/resources/assets/hbm_doors/textures/mtr/item/rail_action_selected.png
D	src/main/resources/assets/hbm_doors/textures/mtr/item/rail_action_selected.png.mcmeta
D	src/main/resources/assets/hbm_doors/textures/mtr/item/rail_remover.png
D	src/main/resources/assets/hbm_doors/textures/mtr/item/rail_remover_selected.png
D	src/main/resources/assets/hbm_doors/textures/mtr/item/rail_remover_selected.png.mcmeta
D	src/main/resources/assets/hbm_doors/textures/mtr/vehicle/lift_1.png
A	src/main/resources/data/bulkheadengineering/advancements/recipes/modular_blast_door.json
A	src/main/resources/data/bulkheadengineering/loot_tables/blocks/blast_door.json
A	src/main/resources/data/bulkheadengineering/loot_tables/blocks/cargo_door.json
A	src/main/resources/data/bulkheadengineering/loot_tables/blocks/door_bunker.json
A	src/main/resources/data/bulkheadengineering/loot_tables/blocks/door_office.json
A	src/main/resources/data/bulkheadengineering/loot_tables/blocks/escalator_side.json
A	src/main/resources/data/bulkheadengineering/loot_tables/blocks/escalator_step.json
A	src/main/resources/data/bulkheadengineering/loot_tables/blocks/fire_door.json
A	src/main/resources/data/bulkheadengineering/loot_tables/blocks/fusion_hatch.json
A	src/main/resources/data/bulkheadengineering/loot_tables/blocks/large_vehicle_door.json
A	src/main/resources/data/bulkheadengineering/loot_tables/blocks/lift_buttons_1.json
A	src/main/resources/data/bulkheadengineering/loot_tables/blocks/lift_door_1.json
A	src/main/resources/data/bulkheadengineering/loot_tables/blocks/lift_door_odd_1.json
A	src/main/resources/data/bulkheadengineering/loot_tables/blocks/lift_panel_even_1.json
A	src/main/resources/data/bulkheadengineering/loot_tables/blocks/lift_panel_even_2.json
A	src/main/resources/data/bulkheadengineering/loot_tables/blocks/lift_panel_odd_1.json
A	src/main/resources/data/bulkheadengineering/loot_tables/blocks/lift_panel_odd_2.json
A	src/main/resources/data/bulkheadengineering/loot_tables/blocks/lift_track_1.json
A	src/main/resources/data/bulkheadengineering/loot_tables/blocks/lift_track_diagonal_1.json
A	src/main/resources/data/bulkheadengineering/loot_tables/blocks/lift_track_floor_1.json
A	src/main/resources/data/bulkheadengineering/loot_tables/blocks/lift_track_horizontal_1.json
A	src/main/resources/data/bulkheadengineering/loot_tables/blocks/metal_door.json
A	src/main/resources/data/bulkheadengineering/loot_tables/blocks/modular_blast_door.json
A	src/main/resources/data/bulkheadengineering/loot_tables/blocks/qe_containment_door.json
A	src/main/resources/data/bulkheadengineering/loot_tables/blocks/qe_sliding_door.json
A	src/main/resources/data/bulkheadengineering/loot_tables/blocks/round_airlock_door.json
A	src/main/resources/data/bulkheadengineering/loot_tables/blocks/seal_hatch.json
A	src/main/resources/data/bulkheadengineering/loot_tables/blocks/secure_access_door.json
A	src/main/resources/data/bulkheadengineering/loot_tables/blocks/silo_hatch.json
A	src/main/resources/data/bulkheadengineering/loot_tables/blocks/silo_hatch_large.json
A	src/main/resources/data/bulkheadengineering/loot_tables/blocks/sliding_blast_door.json
A	src/main/resources/data/bulkheadengineering/loot_tables/blocks/sliding_seal_door.json
A	src/main/resources/data/bulkheadengineering/loot_tables/blocks/trapdoor_steel.json
A	src/main/resources/data/bulkheadengineering/loot_tables/blocks/vault_door.json
A	src/main/resources/data/bulkheadengineering/loot_tables/blocks/water_door.json
A	src/main/resources/data/bulkheadengineering/recipes/blast_door.json
A	src/main/resources/data/bulkheadengineering/recipes/cargo_door.json
A	src/main/resources/data/bulkheadengineering/recipes/door_bunker.json
A	src/main/resources/data/bulkheadengineering/recipes/door_office.json
A	src/main/resources/data/bulkheadengineering/recipes/escalator.json
A	src/main/resources/data/bulkheadengineering/recipes/fire_door.json
A	src/main/resources/data/bulkheadengineering/recipes/fusion_hatch.json
A	src/main/resources/data/bulkheadengineering/recipes/large_vehicle_door.json
A	src/main/resources/data/bulkheadengineering/recipes/lift_buttons_1.json
A	src/main/resources/data/bulkheadengineering/recipes/lift_buttons_link_connector.json
A	src/main/resources/data/bulkheadengineering/recipes/lift_buttons_link_remover.json
A	src/main/resources/data/bulkheadengineering/recipes/lift_door_1.json
A	src/main/resources/data/bulkheadengineering/recipes/lift_door_odd_1.json
A	src/main/resources/data/bulkheadengineering/recipes/lift_panel_even_1.json
A	src/main/resources/data/bulkheadengineering/recipes/lift_panel_even_2.json
A	src/main/resources/data/bulkheadengineering/recipes/lift_panel_odd_1.json
A	src/main/resources/data/bulkheadengineering/recipes/lift_panel_odd_2.json
A	src/main/resources/data/bulkheadengineering/recipes/lift_refresher.json
A	src/main/resources/data/bulkheadengineering/recipes/lift_track_1.json
A	src/main/resources/data/bulkheadengineering/recipes/lift_track_diagonal_1.json
A	src/main/resources/data/bulkheadengineering/recipes/lift_track_floor_1.json
A	src/main/resources/data/bulkheadengineering/recipes/lift_track_horizontal_1.json
A	src/main/resources/data/bulkheadengineering/recipes/lift_wrench.json
A	src/main/resources/data/bulkheadengineering/recipes/metal_door.json
A	src/main/resources/data/bulkheadengineering/recipes/modular_blast_door.json
A	src/main/resources/data/bulkheadengineering/recipes/qe_containment_door.json
A	src/main/resources/data/bulkheadengineering/recipes/qe_sliding_door.json
A	src/main/resources/data/bulkheadengineering/recipes/round_airlock_door.json
A	src/main/resources/data/bulkheadengineering/recipes/seal_hatch.json
A	src/main/resources/data/bulkheadengineering/recipes/secure_access_door.json
A	src/main/resources/data/bulkheadengineering/recipes/silo_hatch.json
A	src/main/resources/data/bulkheadengineering/recipes/silo_hatch_large.json
A	src/main/resources/data/bulkheadengineering/recipes/sliding_blast_door.json
A	src/main/resources/data/bulkheadengineering/recipes/sliding_seal_door.json
A	src/main/resources/data/bulkheadengineering/recipes/trapdoor_steel.json
A	src/main/resources/data/bulkheadengineering/recipes/vault_door.json
A	src/main/resources/data/bulkheadengineering/recipes/water_door.json
D	src/main/resources/data/hbm_doors/advancements/recipes/modular_blast_door.json
D	src/main/resources/data/hbm_doors/loot_tables/blocks/blast_door.json
D	src/main/resources/data/hbm_doors/loot_tables/blocks/cargo_door.json
D	src/main/resources/data/hbm_doors/loot_tables/blocks/door_bunker.json
D	src/main/resources/data/hbm_doors/loot_tables/blocks/door_office.json
D	src/main/resources/data/hbm_doors/loot_tables/blocks/escalator_side.json
D	src/main/resources/data/hbm_doors/loot_tables/blocks/escalator_step.json
D	src/main/resources/data/hbm_doors/loot_tables/blocks/fire_door.json
D	src/main/resources/data/hbm_doors/loot_tables/blocks/fusion_hatch.json
D	src/main/resources/data/hbm_doors/loot_tables/blocks/large_vehicle_door.json
D	src/main/resources/data/hbm_doors/loot_tables/blocks/lift_buttons_1.json
D	src/main/resources/data/hbm_doors/loot_tables/blocks/lift_door_1.json
D	src/main/resources/data/hbm_doors/loot_tables/blocks/lift_door_odd_1.json
D	src/main/resources/data/hbm_doors/loot_tables/blocks/lift_panel_even_1.json
D	src/main/resources/data/hbm_doors/loot_tables/blocks/lift_panel_even_2.json
D	src/main/resources/data/hbm_doors/loot_tables/blocks/lift_panel_odd_1.json
D	src/main/resources/data/hbm_doors/loot_tables/blocks/lift_panel_odd_2.json
D	src/main/resources/data/hbm_doors/loot_tables/blocks/lift_track_1.json
D	src/main/resources/data/hbm_doors/loot_tables/blocks/lift_track_diagonal_1.json
D	src/main/resources/data/hbm_doors/loot_tables/blocks/lift_track_floor_1.json
D	src/main/resources/data/hbm_doors/loot_tables/blocks/lift_track_horizontal_1.json
D	src/main/resources/data/hbm_doors/loot_tables/blocks/metal_door.json
D	src/main/resources/data/hbm_doors/loot_tables/blocks/modular_blast_door.json
D	src/main/resources/data/hbm_doors/loot_tables/blocks/qe_containment_door.json
D	src/main/resources/data/hbm_doors/loot_tables/blocks/qe_sliding_door.json
D	src/main/resources/data/hbm_doors/loot_tables/blocks/round_airlock_door.json
D	src/main/resources/data/hbm_doors/loot_tables/blocks/seal_hatch.json
D	src/main/resources/data/hbm_doors/loot_tables/blocks/secure_access_door.json
D	src/main/resources/data/hbm_doors/loot_tables/blocks/silo_hatch.json
D	src/main/resources/data/hbm_doors/loot_tables/blocks/silo_hatch_large.json
D	src/main/resources/data/hbm_doors/loot_tables/blocks/sliding_blast_door.json
D	src/main/resources/data/hbm_doors/loot_tables/blocks/sliding_seal_door.json
D	src/main/resources/data/hbm_doors/loot_tables/blocks/trapdoor_steel.json
D	src/main/resources/data/hbm_doors/loot_tables/blocks/vault_door.json
D	src/main/resources/data/hbm_doors/loot_tables/blocks/water_door.json
D	src/main/resources/data/hbm_doors/recipes/blast_door.json
D	src/main/resources/data/hbm_doors/recipes/cargo_door.json
D	src/main/resources/data/hbm_doors/recipes/door_bunker.json
D	src/main/resources/data/hbm_doors/recipes/door_office.json
D	src/main/resources/data/hbm_doors/recipes/escalator.json
D	src/main/resources/data/hbm_doors/recipes/fire_door.json
D	src/main/resources/data/hbm_doors/recipes/fusion_hatch.json
D	src/main/resources/data/hbm_doors/recipes/large_vehicle_door.json
D	src/main/resources/data/hbm_doors/recipes/lift_buttons_1.json
D	src/main/resources/data/hbm_doors/recipes/lift_buttons_link_connector.json
D	src/main/resources/data/hbm_doors/recipes/lift_buttons_link_remover.json
D	src/main/resources/data/hbm_doors/recipes/lift_door_1.json
D	src/main/resources/data/hbm_doors/recipes/lift_door_odd_1.json
D	src/main/resources/data/hbm_doors/recipes/lift_panel_even_1.json
D	src/main/resources/data/hbm_doors/recipes/lift_panel_even_2.json
D	src/main/resources/data/hbm_doors/recipes/lift_panel_odd_1.json
D	src/main/resources/data/hbm_doors/recipes/lift_panel_odd_2.json
D	src/main/resources/data/hbm_doors/recipes/lift_refresher.json
D	src/main/resources/data/hbm_doors/recipes/lift_track_1.json
D	src/main/resources/data/hbm_doors/recipes/lift_track_diagonal_1.json
D	src/main/resources/data/hbm_doors/recipes/lift_track_floor_1.json
D	src/main/resources/data/hbm_doors/recipes/lift_track_horizontal_1.json
D	src/main/resources/data/hbm_doors/recipes/lift_wrench.json
D	src/main/resources/data/hbm_doors/recipes/metal_door.json
D	src/main/resources/data/hbm_doors/recipes/modular_blast_door.json
D	src/main/resources/data/hbm_doors/recipes/qe_containment_door.json
D	src/main/resources/data/hbm_doors/recipes/qe_sliding_door.json
D	src/main/resources/data/hbm_doors/recipes/round_airlock_door.json
D	src/main/resources/data/hbm_doors/recipes/seal_hatch.json
D	src/main/resources/data/hbm_doors/recipes/secure_access_door.json
D	src/main/resources/data/hbm_doors/recipes/silo_hatch.json
D	src/main/resources/data/hbm_doors/recipes/silo_hatch_large.json
D	src/main/resources/data/hbm_doors/recipes/sliding_blast_door.json
D	src/main/resources/data/hbm_doors/recipes/sliding_seal_door.json
D	src/main/resources/data/hbm_doors/recipes/trapdoor_steel.json
D	src/main/resources/data/hbm_doors/recipes/vault_door.json
D	src/main/resources/data/hbm_doors/recipes/water_door.json
M	src/main/resources/data/minecraft/tags/blocks/doors.json
M	src/main/resources/data/minecraft/tags/blocks/mineable/pickaxe.json
M	src/main/resources/data/minecraft/tags/blocks/wooden_doors.json
M	src/main/resources/pack.mcmeta
A	src/main/resources/waila_plugins.json
M	tools/verify_assets.py
A	CHANGED-FILES-2.1.0.tsv
